"Job","Workbook","Source","Query","InDefaultRun","Classification","ConsumerCount","Consumers","RunnerRisk"
"Unit1/AllocationInput","UNITS/Unit1/1. Input/1-AllocationExtracted.xlsx","CLIENT/DATExx-Whiddon/UNITS/Unit1/1. Input/1-AllocationExtracted.xlsx_PowerQuery.m","Unit1Path","False","Raises M error","3","UnitL1PathTABLE | Path | IMPORT Roster","Can block a calculation, but current runner only waits for idle/calculation state"
"Unit1/AllocationInput","UNITS/Unit1/1. Input/1-AllocationExtracted.xlsx","CLIENT/DATExx-Whiddon/UNITS/Unit1/1. Input/1-AllocationExtracted.xlsx_PowerQuery.m","PathTABLE","False","Raises M error; Captures or replaces error; Empty/count short-circuit","3","UnitL1PathTABLE | Unit1Path | Unit","Can block a calculation, but current runner only waits for idle/calculation state"
"Unit1/AllocationInput","UNITS/Unit1/1. Input/1-AllocationExtracted.xlsx","CLIENT/DATExx-Whiddon/UNITS/Unit1/1. Input/1-AllocationExtracted.xlsx_PowerQuery.m","AllocationExtractedCheck","False","Named check or diagnostic","0","","Not demanded by another source query; runner cannot assume it executed or inspect its result"
"Unit1/DemandMaster","UNITS/Unit1/1. Input/Demand-MasterRoster Manual Read.xlsx","CLIENT/DATExx-Whiddon/UNITS/Unit1/1. Input/Demand-MasterRoster Manual Read.xlsx_PowerQuery.m","UnitL1PathTABLE","False","Raises M error; Captures or replaces error; Empty/count short-circuit","2","IMPORT CentriSyncPaths | Unit1Path","Can block a calculation, but current runner only waits for idle/calculation state"
"Unit1/DemandMaster","UNITS/Unit1/1. Input/Demand-MasterRoster Manual Read.xlsx","CLIENT/DATExx-Whiddon/UNITS/Unit1/1. Input/Demand-MasterRoster Manual Read.xlsx_PowerQuery.m","Unit1Path","False","Raises M error","2","UnitL1PathTABLE | IMPORT Settings Data","Can block a calculation, but current runner only waits for idle/calculation state"
"Unit1/DemandMaster","UNITS/Unit1/1. Input/Demand-MasterRoster Manual Read.xlsx","CLIENT/DATExx-Whiddon/UNITS/Unit1/1. Input/Demand-MasterRoster Manual Read.xlsx_PowerQuery.m","ShiftDuration","False","Raises M error; Empty/count short-circuit","6","IMPORT Settings Data | MW Historical WeekDayShift | MW DayShift Allocation | MW FTE Profile Comparison | MW Fortnight Hours Check | MinuteWorkersFTE_CHECK","Can block a calculation, but current runner only waits for idle/calculation state"
"Unit1/DemandMaster","UNITS/Unit1/1. Input/Demand-MasterRoster Manual Read.xlsx","CLIENT/DATExx-Whiddon/UNITS/Unit1/1. Input/Demand-MasterRoster Manual Read.xlsx_PowerQuery.m","INPUT TargetMinutes","False","Raises M error","2","MW TargetMinutes Source Prepare | MW Input Check","Can block a calculation, but current runner only waits for idle/calculation state"
"Unit1/DemandMaster","UNITS/Unit1/1. Input/Demand-MasterRoster Manual Read.xlsx","CLIENT/DATExx-Whiddon/UNITS/Unit1/1. Input/Demand-MasterRoster Manual Read.xlsx_PowerQuery.m","LocRoleDayShift%CHECK","False","Named check or diagnostic","0","","Not demanded by another source query; runner cannot assume it executed or inspect its result"
"Unit1/DemandMaster","UNITS/Unit1/1. Input/Demand-MasterRoster Manual Read.xlsx","CLIENT/DATExx-Whiddon/UNITS/Unit1/1. Input/Demand-MasterRoster Manual Read.xlsx_PowerQuery.m","MW Check Table","False","Named check or diagnostic","6","MW Input Check | MW Distribution Check | MW Daily Allocation Check | MW Fortnight Hours Check | MW FTE Profile Alignment Check | MinuteWorkersFTE_CHECK","Diagnostic result is not interpreted by the runner"
"Unit1/DemandMaster","UNITS/Unit1/1. Input/Demand-MasterRoster Manual Read.xlsx","CLIENT/DATExx-Whiddon/UNITS/Unit1/1. Input/Demand-MasterRoster Manual Read.xlsx_PowerQuery.m","MW TargetMinutes Prepare","False","Empty/count short-circuit","6","MW Category Weekday Targets | MW Role Targets | MW FTE Profile Comparison | MW Input Check | MW Distribution Check | MinuteWorkersFTE_CHECK","Can publish an empty or alternate result without a runner-visible failure"
"Unit1/DemandMaster","UNITS/Unit1/1. Input/Demand-MasterRoster Manual Read.xlsx","CLIENT/DATExx-Whiddon/UNITS/Unit1/1. Input/Demand-MasterRoster Manual Read.xlsx_PowerQuery.m","MinuteWorkersFTE_WEEKLY_DISTRIBUTION_CHECK","False","Named check or diagnostic","3","MW Role Fortnight Day Totals | MW Distribution Check | MW Daily Allocation Check","Diagnostic result is not interpreted by the runner"
"Unit1/DemandMaster","UNITS/Unit1/1. Input/Demand-MasterRoster Manual Read.xlsx","CLIENT/DATExx-Whiddon/UNITS/Unit1/1. Input/Demand-MasterRoster Manual Read.xlsx_PowerQuery.m","MinuteWorkersFTE_CATEGORY_DAILY_CHECK","False","Named check or diagnostic","3","MinuteWorkersFTE_WEEKLY_DISTRIBUTION_CHECK | MW Distribution Check | MW Daily Allocation Check","Diagnostic result is not interpreted by the runner"
"Unit1/DemandMaster","UNITS/Unit1/1. Input/Demand-MasterRoster Manual Read.xlsx","CLIENT/DATExx-Whiddon/UNITS/Unit1/1. Input/Demand-MasterRoster Manual Read.xlsx_PowerQuery.m","MinuteWorkersFTE_HISTORICAL_DAY_CHECK","False","Named check or diagnostic","1","MinuteWorkersFTE_CATEGORY_DAILY_CHECK","Diagnostic result is not interpreted by the runner"
"Unit1/DemandMaster","UNITS/Unit1/1. Input/Demand-MasterRoster Manual Read.xlsx","CLIENT/DATExx-Whiddon/UNITS/Unit1/1. Input/Demand-MasterRoster Manual Read.xlsx_PowerQuery.m","MW Input Check","False","Named check or diagnostic; Empty/count short-circuit","1","MW PreAllocation Check","Can publish an empty or alternate result without a runner-visible failure"
"Unit1/DemandMaster","UNITS/Unit1/1. Input/Demand-MasterRoster Manual Read.xlsx","CLIENT/DATExx-Whiddon/UNITS/Unit1/1. Input/Demand-MasterRoster Manual Read.xlsx_PowerQuery.m","MW Distribution Check","False","Named check or diagnostic","1","MW PreAllocation Check","Diagnostic result is not interpreted by the runner"
"Unit1/DemandMaster","UNITS/Unit1/1. Input/Demand-MasterRoster Manual Read.xlsx","CLIENT/DATExx-Whiddon/UNITS/Unit1/1. Input/Demand-MasterRoster Manual Read.xlsx_PowerQuery.m","MW Daily Allocation Check","False","Named check or diagnostic","2","MW Publication Check | MinuteWorkersFTE_CHECK","Diagnostic result is not interpreted by the runner"
"Unit1/DemandMaster","UNITS/Unit1/1. Input/Demand-MasterRoster Manual Read.xlsx","CLIENT/DATExx-Whiddon/UNITS/Unit1/1. Input/Demand-MasterRoster Manual Read.xlsx_PowerQuery.m","MW PreAllocation Check","False","Named check or diagnostic","2","MW Publication Check | MinuteWorkersFTE_CHECK","Diagnostic result is not interpreted by the runner"
"Unit1/DemandMaster","UNITS/Unit1/1. Input/Demand-MasterRoster Manual Read.xlsx","CLIENT/DATExx-Whiddon/UNITS/Unit1/1. Input/Demand-MasterRoster Manual Read.xlsx_PowerQuery.m","MW Fortnight Hours Check","False","Named check or diagnostic; Empty/count short-circuit","2","MW Publication Check | MinuteWorkersFTE_CHECK","Can publish an empty or alternate result without a runner-visible failure"
"Unit1/DemandMaster","UNITS/Unit1/1. Input/Demand-MasterRoster Manual Read.xlsx","CLIENT/DATExx-Whiddon/UNITS/Unit1/1. Input/Demand-MasterRoster Manual Read.xlsx_PowerQuery.m","MW FTE Profile Alignment Check","False","Named check or diagnostic","2","MW Publication Check | MinuteWorkersFTE_CHECK","Diagnostic result is not interpreted by the runner"
"Unit1/DemandMaster","UNITS/Unit1/1. Input/Demand-MasterRoster Manual Read.xlsx","CLIENT/DATExx-Whiddon/UNITS/Unit1/1. Input/Demand-MasterRoster Manual Read.xlsx_PowerQuery.m","MW Publication Check","False","Named check or diagnostic; Empty/count short-circuit","2","MinuteWorkersFTE_TABLE | MinuteWorkersFTE_HISTORICAL_FORTNIGHT_TABLE","Can publish an empty or alternate result without a runner-visible failure"
"Unit1/DemandMaster","UNITS/Unit1/1. Input/Demand-MasterRoster Manual Read.xlsx","CLIENT/DATExx-Whiddon/UNITS/Unit1/1. Input/Demand-MasterRoster Manual Read.xlsx_PowerQuery.m","MinuteWorkersFTE_TABLE","False","Raises M error; Empty/count short-circuit","4","MW Publication Check | MinuteWorkersFTE_Demand | MinuteWorkersFTE_HISTORICAL_FORTNIGHT_TABLE | MinuteWorkersFTE_MATRIX","Can block a calculation, but current runner only waits for idle/calculation state"
"Unit1/DemandMaster","UNITS/Unit1/1. Input/Demand-MasterRoster Manual Read.xlsx","CLIENT/DATExx-Whiddon/UNITS/Unit1/1. Input/Demand-MasterRoster Manual Read.xlsx_PowerQuery.m","MinuteWorkersFTE_Demand","False","Raises M error; Empty/count short-circuit","1","MinuteWorkersFTE_TABLE","Can block a calculation, but current runner only waits for idle/calculation state"
"Unit1/DemandMaster","UNITS/Unit1/1. Input/Demand-MasterRoster Manual Read.xlsx","CLIENT/DATExx-Whiddon/UNITS/Unit1/1. Input/Demand-MasterRoster Manual Read.xlsx_PowerQuery.m","MinuteWorkersFTE_HISTORICAL_FORTNIGHT_TABLE","False","Raises M error; Empty/count short-circuit","1","MinuteWorkersFTE_Demand","Can block a calculation, but current runner only waits for idle/calculation state"
"Unit1/DemandMaster","UNITS/Unit1/1. Input/Demand-MasterRoster Manual Read.xlsx","CLIENT/DATExx-Whiddon/UNITS/Unit1/1. Input/Demand-MasterRoster Manual Read.xlsx_PowerQuery.m","MinuteWorkersFTE_CHECK","False","Named check or diagnostic; Empty/count short-circuit","1","MinuteWorkersFTE_MATRIX","Can publish an empty or alternate result without a runner-visible failure"
"Unit1/DemandInput","UNITS/Unit1/1. Input/2-DemandExtract.xlsx","CLIENT/DATExx-Whiddon/UNITS/Unit1/1. Input/2-DemandExtract.xlsx_PowerQuery.m","UnitL1PathTABLE","False","Raises M error; Captures or replaces error; Empty/count short-circuit","2","IMPORT CentriSyncPaths | Unit1Path","Can block a calculation, but current runner only waits for idle/calculation state"
"Unit1/DemandInput","UNITS/Unit1/1. Input/2-DemandExtract.xlsx","CLIENT/DATExx-Whiddon/UNITS/Unit1/1. Input/2-DemandExtract.xlsx_PowerQuery.m","Unit1Path","False","Raises M error","4","UnitL1PathTABLE | LocalUnitFolder | IMPORT Distributed FTE Workbook | IMPORT Settings Data","Can block a calculation, but current runner only waits for idle/calculation state"
"Unit1/DemandInput","UNITS/Unit1/1. Input/2-DemandExtract.xlsx","CLIENT/DATExx-Whiddon/UNITS/Unit1/1. Input/2-DemandExtract.xlsx_PowerQuery.m","IMPORT Distributed FTE Checks","False","Named check or diagnostic","2","Distributed FTE Source Validate | DemandExtraction_CHECK","Diagnostic result is not interpreted by the runner"
"Unit1/DemandInput","UNITS/Unit1/1. Input/2-DemandExtract.xlsx","CLIENT/DATExx-Whiddon/UNITS/Unit1/1. Input/2-DemandExtract.xlsx_PowerQuery.m","Demand Role Analysis Prepare","False","Raises M error; Empty/count short-circuit","1","Demand Role Mapping","Can block a calculation, but current runner only waits for idle/calculation state"
"Unit1/DemandInput","UNITS/Unit1/1. Input/2-DemandExtract.xlsx","CLIENT/DATExx-Whiddon/UNITS/Unit1/1. Input/2-DemandExtract.xlsx_PowerQuery.m","Demand Role Mapping","False","Raises M error; Empty/count short-circuit","4","Demand Roles | Demand Role Code | Distributed FTE Rows Prepare | DemandExtraction_CHECK","Can block a calculation, but current runner only waits for idle/calculation state"
"Unit1/DemandInput","UNITS/Unit1/1. Input/2-DemandExtract.xlsx","CLIENT/DATExx-Whiddon/UNITS/Unit1/1. Input/2-DemandExtract.xlsx_PowerQuery.m","Demand Roles","False","Raises M error; Empty/count short-circuit","5","Distributed FTE Prepare | Demand Calendar CHECK | Demand Calendar Prepare | Permutation DateTimeRoleShift | DemandExtraction_CHECK","Can block a calculation, but current runner only waits for idle/calculation state"
"Unit1/DemandInput","UNITS/Unit1/1. Input/2-DemandExtract.xlsx","CLIENT/DATExx-Whiddon/UNITS/Unit1/1. Input/2-DemandExtract.xlsx_PowerQuery.m","Demand Role Code","False","Raises M error; Empty/count short-circuit","0","","Can block a calculation, but current runner only waits for idle/calculation state"
"Unit1/DemandInput","UNITS/Unit1/1. Input/2-DemandExtract.xlsx","CLIENT/DATExx-Whiddon/UNITS/Unit1/1. Input/2-DemandExtract.xlsx_PowerQuery.m","ShiftDuration","False","Raises M error; Empty/count short-circuit","3","ShiftStart | Distributed FTE Exclusions | Distributed FTE Source Cells","Can block a calculation, but current runner only waits for idle/calculation state"
"Unit1/DemandInput","UNITS/Unit1/1. Input/2-DemandExtract.xlsx","CLIENT/DATExx-Whiddon/UNITS/Unit1/1. Input/2-DemandExtract.xlsx_PowerQuery.m","Distributed FTE Source Validate","False","Named check or diagnostic; Raises M error; Empty/count short-circuit","2","Distributed FTE Rows Prepare | DemandExtraction_CHECK","Can block a calculation, but current runner only waits for idle/calculation state"
"Unit1/DemandInput","UNITS/Unit1/1. Input/2-DemandExtract.xlsx","CLIENT/DATExx-Whiddon/UNITS/Unit1/1. Input/2-DemandExtract.xlsx_PowerQuery.m","Distributed FTE Rows Prepare","False","Raises M error; Empty/count short-circuit","2","Distributed FTE Allocation Prepare | Distributed FTE Profile Prepare","Can block a calculation, but current runner only waits for idle/calculation state"
"Unit1/DemandInput","UNITS/Unit1/1. Input/2-DemandExtract.xlsx","CLIENT/DATExx-Whiddon/UNITS/Unit1/1. Input/2-DemandExtract.xlsx_PowerQuery.m","Distributed FTE Source Cells","False","Raises M error; Empty/count short-circuit","3","Distributed FTE Prepare | Demand Reconciliation Targets | DemandExtraction_CHECK","Can block a calculation, but current runner only waits for idle/calculation state"
"Unit1/DemandInput","UNITS/Unit1/1. Input/2-DemandExtract.xlsx","CLIENT/DATExx-Whiddon/UNITS/Unit1/1. Input/2-DemandExtract.xlsx_PowerQuery.m","Distributed FTE Prepare","False","Raises M error; Empty/count short-circuit","2","Demand Extraction Prepare | DemandExtraction_CHECK","Can block a calculation, but current runner only waits for idle/calculation state"
"Unit1/DemandInput","UNITS/Unit1/1. Input/2-DemandExtract.xlsx","CLIENT/DATExx-Whiddon/UNITS/Unit1/1. Input/2-DemandExtract.xlsx_PowerQuery.m","Demand Planning Periods","False","Raises M error; Empty/count short-circuit","2","Demand Calendar CHECK | Demand Calendar Prepare","Can block a calculation, but current runner only waits for idle/calculation state"
"Unit1/DemandInput","UNITS/Unit1/1. Input/2-DemandExtract.xlsx","CLIENT/DATExx-Whiddon/UNITS/Unit1/1. Input/2-DemandExtract.xlsx_PowerQuery.m","Demand Calendar CHECK","False","Named check or diagnostic","1","Demand Calendar Prepare","Diagnostic result is not interpreted by the runner"
"Unit1/DemandInput","UNITS/Unit1/1. Input/2-DemandExtract.xlsx","CLIENT/DATExx-Whiddon/UNITS/Unit1/1. Input/2-DemandExtract.xlsx_PowerQuery.m","Demand Calendar Prepare","False","Raises M error; Empty/count short-circuit","3","Permutation DateTimeRoleShift | Demand Reconciliation Targets | DemandExtraction_CHECK","Can block a calculation, but current runner only waits for idle/calculation state"
"Unit1/DemandInput","UNITS/Unit1/1. Input/2-DemandExtract.xlsx","CLIENT/DATExx-Whiddon/UNITS/Unit1/1. Input/2-DemandExtract.xlsx_PowerQuery.m","Permutation DateTimeRoleShift","False","Raises M error; Empty/count short-circuit","2","Demand Extraction Prepare | DemandExtraction_CHECK","Can block a calculation, but current runner only waits for idle/calculation state"
"Unit1/DemandInput","UNITS/Unit1/1. Input/2-DemandExtract.xlsx","CLIENT/DATExx-Whiddon/UNITS/Unit1/1. Input/2-DemandExtract.xlsx_PowerQuery.m","Demand Extraction Prepare","False","Raises M error; Empty/count short-circuit","3","DemandExtraction_RECONCILIATION | DemandExtraction_CHECK | ShiftUnitDemandHRS","Can block a calculation, but current runner only waits for idle/calculation state"
"Unit1/DemandInput","UNITS/Unit1/1. Input/2-DemandExtract.xlsx","CLIENT/DATExx-Whiddon/UNITS/Unit1/1. Input/2-DemandExtract.xlsx_PowerQuery.m","Demand Reconciliation Targets","False","Named check or diagnostic; Raises M error; Empty/count short-circuit","1","DemandExtraction_RECONCILIATION","Can block a calculation, but current runner only waits for idle/calculation state"
"Unit1/DemandInput","UNITS/Unit1/1. Input/2-DemandExtract.xlsx","CLIENT/DATExx-Whiddon/UNITS/Unit1/1. Input/2-DemandExtract.xlsx_PowerQuery.m","DemandExtraction_RECONCILIATION","False","Named check or diagnostic","2","Demand Reconciliation Targets | DemandExtraction_CHECK","Diagnostic result is not interpreted by the runner"
"Unit1/DemandInput","UNITS/Unit1/1. Input/2-DemandExtract.xlsx","CLIENT/DATExx-Whiddon/UNITS/Unit1/1. Input/2-DemandExtract.xlsx_PowerQuery.m","DemandExtraction_CHECK","False","Named check or diagnostic; Raises M error; Captures or replaces error; Empty/count short-circuit","2","DemandExtraction_RECONCILIATION | ShiftUnitDemandHRS","Can block a calculation, but current runner only waits for idle/calculation state"
"Unit1/DemandInput","UNITS/Unit1/1. Input/2-DemandExtract.xlsx","CLIENT/DATExx-Whiddon/UNITS/Unit1/1. Input/2-DemandExtract.xlsx_PowerQuery.m","ShiftUnitDemandHRS","False","Raises M error; Empty/count short-circuit","1","DemandExtraction_CHECK","Can block a calculation, but current runner only waits for idle/calculation state"
"Unit1/Availability","UNITS/Unit1/2. Calculations/Capacity-ShiftAvailability.xlsx","CLIENT/DATExx-Whiddon/UNITS/Unit1/2. Calculations/Capacity-ShiftAvailability.xlsx_PowerQuery.m","AvailabilityText","False","Captures or replaces error","7","IMPORT MultiRolesResRolesProportion | IMPORT Reconciled Workers | IMPORT Availability Leave Source | WorkerContracts_Prepare | AvailabilityRecordKind | AvailabilityRecords | ReconciledWorkers_Eligible","Can convert a calculation error into data, null, fallback, warning, or empty output"
"Unit1/Availability","UNITS/Unit1/2. Calculations/Capacity-ShiftAvailability.xlsx","CLIENT/DATExx-Whiddon/UNITS/Unit1/2. Calculations/Capacity-ShiftAvailability.xlsx_PowerQuery.m","AvailabilityUnion","False","Empty/count short-circuit","6","AvailabilityText | AvailabilityShiftMeasurement | AvailabilityDailyWindows | AvailabilityLeaveDayTotals | WorkerAvailabilityRules | AvailabilityRules_TEST","Can publish an empty or alternate result without a runner-visible failure"
"Unit1/Availability","UNITS/Unit1/2. Calculations/Capacity-ShiftAvailability.xlsx","CLIENT/DATExx-Whiddon/UNITS/Unit1/2. Calculations/Capacity-ShiftAvailability.xlsx_PowerQuery.m","IMPORT Reconciled Workers","False","Named check or diagnostic","2","ReconciledWorkers_Prepare | WorkerAvailability_DIAGNOSTICS","Diagnostic result is not interpreted by the runner"
"Unit1/Availability","UNITS/Unit1/2. Calculations/Capacity-ShiftAvailability.xlsx","CLIENT/DATExx-Whiddon/UNITS/Unit1/2. Calculations/Capacity-ShiftAvailability.xlsx_PowerQuery.m","IMPORT Worker's Report","False","Raises M error; Empty/count short-circuit","1","WorkerContracts_Prepare","Can block a calculation, but current runner only waits for idle/calculation state"
"Unit1/Availability","UNITS/Unit1/2. Calculations/Capacity-ShiftAvailability.xlsx","CLIENT/DATExx-Whiddon/UNITS/Unit1/2. Calculations/Capacity-ShiftAvailability.xlsx_PowerQuery.m","WorkerContracts_Prepare","False","Captures or replaces error","2","IMPORT Availability Leave Source | ReconciledWorkers_Prepare","Can convert a calculation error into data, null, fallback, warning, or empty output"
"Unit1/Availability","UNITS/Unit1/2. Calculations/Capacity-ShiftAvailability.xlsx","CLIENT/DATExx-Whiddon/UNITS/Unit1/2. Calculations/Capacity-ShiftAvailability.xlsx_PowerQuery.m","EXTRACT EffectiveShiftHrs","False","Raises M error; Empty/count short-circuit","3","WorkerLeaveDays | ResDayShift_Calculated | ResDayShift_CHECK","Can block a calculation, but current runner only waits for idle/calculation state"
"Unit1/Availability","UNITS/Unit1/2. Calculations/Capacity-ShiftAvailability.xlsx","CLIENT/DATExx-Whiddon/UNITS/Unit1/2. Calculations/Capacity-ShiftAvailability.xlsx_PowerQuery.m","EXTRACT MaxAvailability","False","Raises M error; Empty/count short-circuit","1","RoleResDayAvailabilityCapped","Can block a calculation, but current runner only waits for idle/calculation state"
"Unit1/Availability","UNITS/Unit1/2. Calculations/Capacity-ShiftAvailability.xlsx","CLIENT/DATExx-Whiddon/UNITS/Unit1/2. Calculations/Capacity-ShiftAvailability.xlsx_PowerQuery.m","AvailabilityDailyWindows","False","Empty/count short-circuit","3","AvailabilityRecordKind | WorkerAvailabilityRules | AvailabilityRules_TEST","Can publish an empty or alternate result without a runner-visible failure"
"Unit1/Availability","UNITS/Unit1/2. Calculations/Capacity-ShiftAvailability.xlsx","CLIENT/DATExx-Whiddon/UNITS/Unit1/2. Calculations/Capacity-ShiftAvailability.xlsx_PowerQuery.m","AvailabilityRecords","False","Captures or replaces error","4","AvailabilityLeaveDayTotals | AvailabilityRecords_Invalid | AvailabilityReasons_DIAGNOSTICS | AvailabilityEligibleRecords","Can convert a calculation error into data, null, fallback, warning, or empty output"
"Unit1/Availability","UNITS/Unit1/2. Calculations/Capacity-ShiftAvailability.xlsx","CLIENT/DATExx-Whiddon/UNITS/Unit1/2. Calculations/Capacity-ShiftAvailability.xlsx_PowerQuery.m","ReconciledWorkers_Prepare","False","Named check or diagnostic; Empty/count short-circuit","4","AvailabilityRecords | ReconciledWorkers_Eligible | WorkerAvailability_DIAGNOSTICS | ReconciledWorkers_CHECK","Can publish an empty or alternate result without a runner-visible failure"
"Unit1/Availability","UNITS/Unit1/2. Calculations/Capacity-ShiftAvailability.xlsx","CLIENT/DATExx-Whiddon/UNITS/Unit1/2. Calculations/Capacity-ShiftAvailability.xlsx_PowerQuery.m","ReconciledWorkers_Eligible","False","Named check or diagnostic","6","ReconciledWorkers_Prepare | AvailabilityRecords_Invalid | AvailabilityEligibleRecords | WorkerAvailabilityRules | ReconciledWorkers_CHECK | Availability-StaffList","Diagnostic result is not interpreted by the runner"
"Unit1/Availability","UNITS/Unit1/2. Calculations/Capacity-ShiftAvailability.xlsx","CLIENT/DATExx-Whiddon/UNITS/Unit1/2. Calculations/Capacity-ShiftAvailability.xlsx_PowerQuery.m","WorkerAvailability_DIAGNOSTICS","False","Named check or diagnostic","1","ReconciledWorkers_Eligible","Diagnostic result is not interpreted by the runner"
"Unit1/Availability","UNITS/Unit1/2. Calculations/Capacity-ShiftAvailability.xlsx","CLIENT/DATExx-Whiddon/UNITS/Unit1/2. Calculations/Capacity-ShiftAvailability.xlsx_PowerQuery.m","AvailabilityReasons_DIAGNOSTICS","False","Named check or diagnostic","1","AvailabilityRecords_Invalid","Diagnostic result is not interpreted by the runner"
"Unit1/Availability","UNITS/Unit1/2. Calculations/Capacity-ShiftAvailability.xlsx","CLIENT/DATExx-Whiddon/UNITS/Unit1/2. Calculations/Capacity-ShiftAvailability.xlsx_PowerQuery.m","AvailabilityShiftDefinitions","False","Raises M error; Empty/count short-circuit","2","AvailabilityReasons_DIAGNOSTICS | AvailabilityShiftWindows","Can block a calculation, but current runner only waits for idle/calculation state"
"Unit1/Availability","UNITS/Unit1/2. Calculations/Capacity-ShiftAvailability.xlsx","CLIENT/DATExx-Whiddon/UNITS/Unit1/2. Calculations/Capacity-ShiftAvailability.xlsx_PowerQuery.m","AvailabilityShiftWindows","False","Raises M error; Empty/count short-circuit","5","AvailabilityShiftDefinitions | AvailabilityEligibleRecords | WorkerAvailabilityRules | WorkerShiftSegments | ResDayShift_CHECK","Can block a calculation, but current runner only waits for idle/calculation state"
"Unit1/Availability","UNITS/Unit1/2. Calculations/Capacity-ShiftAvailability.xlsx","CLIENT/DATExx-Whiddon/UNITS/Unit1/2. Calculations/Capacity-ShiftAvailability.xlsx_PowerQuery.m","WorkerAvailabilityRules","False","Empty/count short-circuit","2","WorkerLeaveDays | WorkerShiftSegments","Can publish an empty or alternate result without a runner-visible failure"
"Unit1/Availability","UNITS/Unit1/2. Calculations/Capacity-ShiftAvailability.xlsx","CLIENT/DATExx-Whiddon/UNITS/Unit1/2. Calculations/Capacity-ShiftAvailability.xlsx_PowerQuery.m","WorkerShiftSegments","False","Raises M error; Empty/count short-circuit","2","WorkerAvailabilityRules | ResDayShift_Calculated","Can block a calculation, but current runner only waits for idle/calculation state"
"Unit1/Availability","UNITS/Unit1/2. Calculations/Capacity-ShiftAvailability.xlsx","CLIENT/DATExx-Whiddon/UNITS/Unit1/2. Calculations/Capacity-ShiftAvailability.xlsx_PowerQuery.m","AvailabilityCheckResult","False","Named check or diagnostic; Captures or replaces error","4","ResDayShift_Calculated | ReconciledWorkers_CHECK | AvailabilityRules_TEST | ResDayShift_CHECK","Can convert a calculation error into data, null, fallback, warning, or empty output"
"Unit1/Availability","UNITS/Unit1/2. Calculations/Capacity-ShiftAvailability.xlsx","CLIENT/DATExx-Whiddon/UNITS/Unit1/2. Calculations/Capacity-ShiftAvailability.xlsx_PowerQuery.m","ReconciledWorkers_CHECK","False","Named check or diagnostic","3","AvailabilityCheckResult | ResDayShift_CHECK | Availability-StaffList","Diagnostic result is not interpreted by the runner"
"Unit1/Availability","UNITS/Unit1/2. Calculations/Capacity-ShiftAvailability.xlsx","CLIENT/DATExx-Whiddon/UNITS/Unit1/2. Calculations/Capacity-ShiftAvailability.xlsx_PowerQuery.m","AvailabilityRules_TEST","False","Named check or diagnostic; Empty/count short-circuit","2","ReconciledWorkers_CHECK | ResDayShift_CHECK","Can publish an empty or alternate result without a runner-visible failure"
"Unit1/Availability","UNITS/Unit1/2. Calculations/Capacity-ShiftAvailability.xlsx","CLIENT/DATExx-Whiddon/UNITS/Unit1/2. Calculations/Capacity-ShiftAvailability.xlsx_PowerQuery.m","ResDayShift_CHECK","False","Named check or diagnostic; Empty/count short-circuit","2","AvailabilityRules_TEST | ResDayShift","Can publish an empty or alternate result without a runner-visible failure"
"Unit1/Availability","UNITS/Unit1/2. Calculations/Capacity-ShiftAvailability.xlsx","CLIENT/DATExx-Whiddon/UNITS/Unit1/2. Calculations/Capacity-ShiftAvailability.xlsx_PowerQuery.m","ResDayShift","False","Raises M error; Empty/count short-circuit","2","ResDayShift_CHECK | RoleResDayAvailabilityCapped","Can block a calculation, but current runner only waits for idle/calculation state"
"Unit1/Availability","UNITS/Unit1/2. Calculations/Capacity-ShiftAvailability.xlsx","CLIENT/DATExx-Whiddon/UNITS/Unit1/2. Calculations/Capacity-ShiftAvailability.xlsx_PowerQuery.m","RoleResDayAvailabilityCapped","False","Captures or replaces error","1","RoleAvailabilityCapped","Can convert a calculation error into data, null, fallback, warning, or empty output"
"Unit1/Availability","UNITS/Unit1/2. Calculations/Capacity-ShiftAvailability.xlsx","CLIENT/DATExx-Whiddon/UNITS/Unit1/2. Calculations/Capacity-ShiftAvailability.xlsx_PowerQuery.m","Availability-StaffList","False","Raises M error; Empty/count short-circuit","0","","Can block a calculation, but current runner only waits for idle/calculation state"
"Unit1/Availability","UNITS/Unit1/2. Calculations/Capacity-ShiftAvailability.xlsx","CLIENT/DATExx-Whiddon/UNITS/Unit1/2. Calculations/Capacity-ShiftAvailability.xlsx_PowerQuery.m","UnitL1PathTABLE","False","Raises M error; Empty/count short-circuit","3","Availability-StaffList | FilePath - 2Calculations | FilePath - 1Input","Can block a calculation, but current runner only waits for idle/calculation state"
"Unit1/Staff","UNITS/Unit1/2. Calculations/StaffListMaster.xlsx","CLIENT/DATExx-Whiddon/UNITS/Unit1/2. Calculations/StaffListMaster.xlsx_PowerQuery.m","UnitL1PathTABLE","False","Raises M error; Captures or replaces error; Empty/count short-circuit","1","FilePath-2Calculations","Can block a calculation, but current runner only waits for idle/calculation state"
"Unit1/Staff","UNITS/Unit1/2. Calculations/StaffListMaster.xlsx","CLIENT/DATExx-Whiddon/UNITS/Unit1/2. Calculations/StaffListMaster.xlsx_PowerQuery.m","StaffListText","False","Captures or replaces error","4","FilePath-2Calculations | EXTRACT Availability Staff List | EXTRACT Allocation Staff With Code | StaffList WorkerContracts","Can convert a calculation error into data, null, fallback, warning, or empty output"
"Unit1/Staff","UNITS/Unit1/2. Calculations/StaffListMaster.xlsx","CLIENT/DATExx-Whiddon/UNITS/Unit1/2. Calculations/StaffListMaster.xlsx_PowerQuery.m","StaffListCheckResult","False","Named check or diagnostic; Captures or replaces error","2","StaffListText | ResourceContract_CHECK","Can convert a calculation error into data, null, fallback, warning, or empty output"
"Unit1/Staff","UNITS/Unit1/2. Calculations/StaffListMaster.xlsx","CLIENT/DATExx-Whiddon/UNITS/Unit1/2. Calculations/StaffListMaster.xlsx_PowerQuery.m","EXTRACT Availability Staff List","False","Raises M error; Empty/count short-circuit","2","ResourceContract_CHECK | AvailableStaffListInitial","Can block a calculation, but current runner only waits for idle/calculation state"
"Unit1/Staff","UNITS/Unit1/2. Calculations/StaffListMaster.xlsx","CLIENT/DATExx-Whiddon/UNITS/Unit1/2. Calculations/StaffListMaster.xlsx_PowerQuery.m","EXTRACT StaffList RosterDates","False","Raises M error; Empty/count short-circuit","2","ResourceContract | ResourceContract_CHECK","Can block a calculation, but current runner only waits for idle/calculation state"
"Unit1/Staff","UNITS/Unit1/2. Calculations/StaffListMaster.xlsx","CLIENT/DATExx-Whiddon/UNITS/Unit1/2. Calculations/StaffListMaster.xlsx_PowerQuery.m","EXTRACT StaffList ShiftDuration","False","Raises M error; Empty/count short-circuit","2","ResourceContract | ResourceContract_CHECK","Can block a calculation, but current runner only waits for idle/calculation state"
"Unit1/Staff","UNITS/Unit1/2. Calculations/StaffListMaster.xlsx","CLIENT/DATExx-Whiddon/UNITS/Unit1/2. Calculations/StaffListMaster.xlsx_PowerQuery.m","EXTRACT StaffList MaxAvailability","False","Raises M error; Empty/count short-circuit","2","ResourceContract | ResourceContract_CHECK","Can block a calculation, but current runner only waits for idle/calculation state"
"Unit1/Staff","UNITS/Unit1/2. Calculations/StaffListMaster.xlsx","CLIENT/DATExx-Whiddon/UNITS/Unit1/2. Calculations/StaffListMaster.xlsx_PowerQuery.m","EXTRACT Allocation Staff With Code","False","Raises M error; Empty/count short-circuit","1","AllocationTable_StaffList","Can block a calculation, but current runner only waits for idle/calculation state"
"Unit1/Staff","UNITS/Unit1/2. Calculations/StaffListMaster.xlsx","CLIENT/DATExx-Whiddon/UNITS/Unit1/2. Calculations/StaffListMaster.xlsx_PowerQuery.m","IMPORT StaffList Worker's Report","False","Raises M error; Empty/count short-circuit","1","StaffList WorkerContracts","Can block a calculation, but current runner only waits for idle/calculation state"
"Unit1/Staff","UNITS/Unit1/2. Calculations/StaffListMaster.xlsx","CLIENT/DATExx-Whiddon/UNITS/Unit1/2. Calculations/StaffListMaster.xlsx_PowerQuery.m","StaffList WorkerContracts","False","Captures or replaces error","1","AllocationTable_StaffList","Can convert a calculation error into data, null, fallback, warning, or empty output"
"Unit1/Staff","UNITS/Unit1/2. Calculations/StaffListMaster.xlsx","CLIENT/DATExx-Whiddon/UNITS/Unit1/2. Calculations/StaffListMaster.xlsx_PowerQuery.m","ResourceContract_CHECK","False","Named check or diagnostic; Empty/count short-circuit","2","ResourceContract | Masterlist","Can publish an empty or alternate result without a runner-visible failure"
"Unit1/Staff","UNITS/Unit1/2. Calculations/StaffListMaster.xlsx","CLIENT/DATExx-Whiddon/UNITS/Unit1/2. Calculations/StaffListMaster.xlsx_PowerQuery.m","Masterlist","False","Raises M error; Empty/count short-circuit","5","StaffList WorkerContracts | Masterlist Join | Masterlist_Base | ResourceContract_CHECK | Misaligned Allocation Availability Names","Can block a calculation, but current runner only waits for idle/calculation state"
"Unit1/Staff","UNITS/Unit1/2. Calculations/StaffListMaster.xlsx","CLIENT/DATExx-Whiddon/UNITS/Unit1/2. Calculations/StaffListMaster.xlsx_PowerQuery.m","FilePath-1Input","False","Raises M error","2","IMPORT Allocation Extracted | IMPORT StaffList Worker's Report","Can block a calculation, but current runner only waits for idle/calculation state"
"Unit1/Intervals","UNITS/Unit1/2. Calculations/Intervals.xlsx","CLIENT/DATExx-Whiddon/UNITS/Unit1/2. Calculations/Intervals.xlsx_PowerQuery.m","UnitL1PathTABLE","False","Raises M error; Captures or replaces error; Empty/count short-circuit","2","FilePath-2Calculations | FilePath-1Input","Can block a calculation, but current runner only waits for idle/calculation state"
"Unit1/DemandIntervals","UNITS/Unit1/2. Calculations/DemandIntervals.xlsx","CLIENT/DATExx-Whiddon/UNITS/Unit1/2. Calculations/DemandIntervals.xlsx_PowerQuery.m","UnitL1PathTABLE","False","Raises M error; Captures or replaces error; Empty/count short-circuit","1","FilePath","Can block a calculation, but current runner only waits for idle/calculation state"
"Unit1/DemandIntervals","UNITS/Unit1/2. Calculations/DemandIntervals.xlsx","CLIENT/DATExx-Whiddon/UNITS/Unit1/2. Calculations/DemandIntervals.xlsx_PowerQuery.m","Table_ShiftDemandHRSCheck","False","Named check or diagnostic","0","","Not demanded by another source query; runner cannot assume it executed or inspect its result"
"Unit1/DemandIntervals","UNITS/Unit1/2. Calculations/DemandIntervals.xlsx","CLIENT/DATExx-Whiddon/UNITS/Unit1/2. Calculations/DemandIntervals.xlsx_PowerQuery.m","ShiftDemandUnitINTERVALCheck","False","Named check or diagnostic","0","","Not demanded by another source query; runner cannot assume it executed or inspect its result"
"Unit1/Demand","UNITS/Unit1/2. Calculations/Demand.xlsx","CLIENT/DATExx-Whiddon/UNITS/Unit1/2. Calculations/Demand.xlsx_PowerQuery.m","UnitL1PathTABLE","False","Raises M error; Captures or replaces error; Empty/count short-circuit","2","Folder-2Calculations | Folder-1Input","Can block a calculation, but current runner only waits for idle/calculation state"
"Unit1/Demand","UNITS/Unit1/2. Calculations/Demand.xlsx","CLIENT/DATExx-Whiddon/UNITS/Unit1/2. Calculations/Demand.xlsx_PowerQuery.m","Table_ShiftDemandUnitINTERVALCheck","False","Named check or diagnostic","0","","Not demanded by another source query; runner cannot assume it executed or inspect its result"
"Unit1/Demand","UNITS/Unit1/2. Calculations/Demand.xlsx","CLIENT/DATExx-Whiddon/UNITS/Unit1/2. Calculations/Demand.xlsx_PowerQuery.m","ShiftDemandHCAverageCheck","False","Named check or diagnostic","0","","Not demanded by another source query; runner cannot assume it executed or inspect its result"
"Unit1/Demand","UNITS/Unit1/2. Calculations/Demand.xlsx","CLIENT/DATExx-Whiddon/UNITS/Unit1/2. Calculations/Demand.xlsx_PowerQuery.m","CareDemandHRSWeeklyCheck","False","Named check or diagnostic","1","Table_ShiftDemandUnitINTERVALCheck","Diagnostic result is not interpreted by the runner"
"Unit1/Shifts","UNITS/Unit1/2. Calculations/Shifts.xlsx","CLIENT/DATExx-Whiddon/UNITS/Unit1/2. Calculations/Shifts.xlsx_PowerQuery.m","UnitL1PathTABLE","False","Raises M error; Captures or replaces error; Empty/count short-circuit","2","FilePath - 2Calculations | FilePath - 1Input","Can block a calculation, but current runner only waits for idle/calculation state"
"Unit1/ShiftAverage","UNITS/Unit1/2. Calculations/AllocationByShiftAverage.xlsx","CLIENT/DATExx-Whiddon/UNITS/Unit1/2. Calculations/AllocationByShiftAverage.xlsx_PowerQuery.m","UnitL1PathTABLE","False","Raises M error; Captures or replaces error; Empty/count short-circuit","1","FilePath","Can block a calculation, but current runner only waits for idle/calculation state"
"Unit1/ShiftAverage","UNITS/Unit1/2. Calculations/AllocationByShiftAverage.xlsx","CLIENT/DATExx-Whiddon/UNITS/Unit1/2. Calculations/AllocationByShiftAverage.xlsx_PowerQuery.m","RoleShiftAllocation","False","Raises M error; Empty/count short-circuit","2","RoleShiftAllocation_Calculated | RoleShiftIntervalAllocation","Can block a calculation, but current runner only waits for idle/calculation state"
"Unit1/ShiftAverage","UNITS/Unit1/2. Calculations/AllocationByShiftAverage.xlsx","CLIENT/DATExx-Whiddon/UNITS/Unit1/2. Calculations/AllocationByShiftAverage.xlsx_PowerQuery.m","RoleShiftAllocation_CHECK","False","Named check or diagnostic; Captures or replaces error","2","RoleShiftAllocation | RoleShiftIntervalAllocation","Can convert a calculation error into data, null, fallback, warning, or empty output"
"Unit1/Allocation","UNITS/Unit1/2. Calculations/Allocation.xlsx","CLIENT/DATExx-Whiddon/UNITS/Unit1/2. Calculations/Allocation.xlsx_PowerQuery.m","UnitL1PathTABLE","False","Raises M error; Captures or replaces error; Empty/count short-circuit","2","FilePath - 2Calculations | FilePath - 1Input","Can block a calculation, but current runner only waits for idle/calculation state"
"Unit1/Distribution","UNITS/Unit1/2. Calculations/Shift-StaffDistribution.xlsx","CLIENT/DATExx-Whiddon/UNITS/Unit1/2. Calculations/Shift-StaffDistribution.xlsx_PowerQuery.m","UnitL1PathTABLE","False","Raises M error; Captures or replaces error; Empty/count short-circuit","1","Folder-2Calculations","Can block a calculation, but current runner only waits for idle/calculation state"
"Unit1/MultiRole","UNITS/Unit1/2. Calculations/MutliRoleCheck.xlsx","CLIENT/DATExx-Whiddon/UNITS/Unit1/2. Calculations/MutliRoleCheck.xlsx_PowerQuery.m","UnitL1PathTABLE","False","Raises M error; Captures or replaces error; Empty/count short-circuit","1","FilePath","Can block a calculation, but current runner only waits for idle/calculation state"
"Unit1/Capacity","UNITS/Unit1/2. Calculations/Capacity.xlsx","CLIENT/DATExx-Whiddon/UNITS/Unit1/2. Calculations/Capacity.xlsx_PowerQuery.m","UnitL1PathTABLE","False","Raises M error; Captures or replaces error; Empty/count short-circuit","2","Facility | Unit1Path","Can block a calculation, but current runner only waits for idle/calculation state"
"Unit1/Effort","UNITS/Unit1/2. Calculations/Effort.xlsx","CLIENT/DATExx-Whiddon/UNITS/Unit1/2. Calculations/Effort.xlsx_PowerQuery.m","EffortText","False","Captures or replaces error","2","EXTRACT Table_Masterlist | AllocationContractHours_Prepare","Can convert a calculation error into data, null, fallback, warning, or empty output"
"Unit1/Effort","UNITS/Unit1/2. Calculations/Effort.xlsx","CLIENT/DATExx-Whiddon/UNITS/Unit1/2. Calculations/Effort.xlsx_PowerQuery.m","EffortCheckResult","False","Named check or diagnostic; Captures or replaces error","2","EffortText | ResourceContractOverage_CHECK","Can convert a calculation error into data, null, fallback, warning, or empty output"
"Unit1/Effort","UNITS/Unit1/2. Calculations/Effort.xlsx","CLIENT/DATExx-Whiddon/UNITS/Unit1/2. Calculations/Effort.xlsx_PowerQuery.m","IMPORT CentriSyncPaths","False","Raises M error; Empty/count short-circuit","2","UnitL1PathTABLE | CentriSyncPaths","Can block a calculation, but current runner only waits for idle/calculation state"
"Unit1/Effort","UNITS/Unit1/2. Calculations/Effort.xlsx","CLIENT/DATExx-Whiddon/UNITS/Unit1/2. Calculations/Effort.xlsx_PowerQuery.m","EXTRACT Table_Masterlist","False","Raises M error; Empty/count short-circuit","2","ResShiftAllocation | AINContractResources_Prepare","Can block a calculation, but current runner only waits for idle/calculation state"
"Unit1/Effort","UNITS/Unit1/2. Calculations/Effort.xlsx","CLIENT/DATExx-Whiddon/UNITS/Unit1/2. Calculations/Effort.xlsx_PowerQuery.m","UnitL1PathTABLE","False","Raises M error; Captures or replaces error; Empty/count short-circuit","4","EXTRACT Table_Masterlist | Unit1Path | Unit | FilePath-1Input","Can block a calculation, but current runner only waits for idle/calculation state"
"Unit1/Effort","UNITS/Unit1/2. Calculations/Effort.xlsx","CLIENT/DATExx-Whiddon/UNITS/Unit1/2. Calculations/Effort.xlsx_PowerQuery.m","FilePath-1Input","False","Raises M error","1","IMPORT AllocationExtracted","Can block a calculation, but current runner only waits for idle/calculation state"
"Unit1/Effort","UNITS/Unit1/2. Calculations/Effort.xlsx","CLIENT/DATExx-Whiddon/UNITS/Unit1/2. Calculations/Effort.xlsx_PowerQuery.m","EXTRACT Effort RosterDates","False","Raises M error","2","AllocationContractHours_Prepare | ResourceContractOverage_CHECK","Can block a calculation, but current runner only waits for idle/calculation state"
"Unit1/Effort","UNITS/Unit1/2. Calculations/Effort.xlsx","CLIENT/DATExx-Whiddon/UNITS/Unit1/2. Calculations/Effort.xlsx_PowerQuery.m","EXTRACT Effort ShiftDuration","False","Raises M error; Empty/count short-circuit","2","ResourceContractOverage_Prepare | ResourceContractOverage_CHECK","Can block a calculation, but current runner only waits for idle/calculation state"
"Unit1/Effort","UNITS/Unit1/2. Calculations/Effort.xlsx","CLIENT/DATExx-Whiddon/UNITS/Unit1/2. Calculations/Effort.xlsx_PowerQuery.m","IMPORT AllocationExtracted","False","Raises M error; Empty/count short-circuit","1","AllocationContractHours_Prepare","Can block a calculation, but current runner only waits for idle/calculation state"
"Unit1/Effort","UNITS/Unit1/2. Calculations/Effort.xlsx","CLIENT/DATExx-Whiddon/UNITS/Unit1/2. Calculations/Effort.xlsx_PowerQuery.m","AllocationContractHours_Prepare","False","Captures or replaces error","3","IMPORT AllocationExtracted | ResourceContractOverage_Prepare | ResourceContractOverage_CHECK","Can convert a calculation error into data, null, fallback, warning, or empty output"
"Unit1/Effort","UNITS/Unit1/2. Calculations/Effort.xlsx","CLIENT/DATExx-Whiddon/UNITS/Unit1/2. Calculations/Effort.xlsx_PowerQuery.m","ResourceContractOverage_CHECK","False","Named check or diagnostic; Empty/count short-circuit","2","ResourceContractOverage_Prepare | ResourceContractOverage","Can publish an empty or alternate result without a runner-visible failure"
"Unit1/Effort","UNITS/Unit1/2. Calculations/Effort.xlsx","CLIENT/DATExx-Whiddon/UNITS/Unit1/2. Calculations/Effort.xlsx_PowerQuery.m","ResourceContractOverage","False","Raises M error; Empty/count short-circuit","1","ResourceContractOverage_CHECK","Can block a calculation, but current runner only waits for idle/calculation state"
"Unit2/AllocationInput","UNITS/Unit2/1. Input/1-AllocationExtracted.xlsx","CLIENT/DATExx-Whiddon/UNITS/Unit2/1. Input/1-AllocationExtracted.xlsx_PowerQuery.m","AllocationExtractedCheck","False","Named check or diagnostic","0","","Not demanded by another source query; runner cannot assume it executed or inspect its result"
"Unit2/AllocationInput","UNITS/Unit2/1. Input/1-AllocationExtracted.xlsx","CLIENT/DATExx-Whiddon/UNITS/Unit2/1. Input/1-AllocationExtracted.xlsx_PowerQuery.m","UnitL1PathTABLE","False","Raises M error; Captures or replaces error; Empty/count short-circuit","4","PathTABLE | UnitL1PathTABLE (2) | Unit1Path | Unit","Can block a calculation, but current runner only waits for idle/calculation state"
"Unit2/AllocationInput","UNITS/Unit2/1. Input/1-AllocationExtracted.xlsx","CLIENT/DATExx-Whiddon/UNITS/Unit2/1. Input/1-AllocationExtracted.xlsx_PowerQuery.m","Unit1Path","False","Raises M error","2","Path | IMPORT Roster","Can block a calculation, but current runner only waits for idle/calculation state"
"Unit2/DemandMaster","UNITS/Unit2/1. Input/Demand-MasterRoster Manual Read.xlsx","CLIENT/DATExx-Whiddon/UNITS/Unit2/1. Input/Demand-MasterRoster Manual Read.xlsx_PowerQuery.m","INPUT TargetMinutes","False","Raises M error","3","MW TargetMinutes Prepare | MW Input Check | MW Fortnight Hours Check","Can block a calculation, but current runner only waits for idle/calculation state"
"Unit2/DemandMaster","UNITS/Unit2/1. Input/Demand-MasterRoster Manual Read.xlsx","CLIENT/DATExx-Whiddon/UNITS/Unit2/1. Input/Demand-MasterRoster Manual Read.xlsx_PowerQuery.m","LocRoleDayShift%CHECK","False","Named check or diagnostic","0","","Not demanded by another source query; runner cannot assume it executed or inspect its result"
"Unit2/DemandMaster","UNITS/Unit2/1. Input/Demand-MasterRoster Manual Read.xlsx","CLIENT/DATExx-Whiddon/UNITS/Unit2/1. Input/Demand-MasterRoster Manual Read.xlsx_PowerQuery.m","MW Check Table","False","Named check or diagnostic","6","MW Input Check | MW Distribution Check | MW Daily Allocation Check | MW Fortnight Hours Check | MW FTE Profile Alignment Check | MinuteWorkersFTE_CHECK","Diagnostic result is not interpreted by the runner"
"Unit2/DemandMaster","UNITS/Unit2/1. Input/Demand-MasterRoster Manual Read.xlsx","CLIENT/DATExx-Whiddon/UNITS/Unit2/1. Input/Demand-MasterRoster Manual Read.xlsx_PowerQuery.m","MW TargetMinutes Prepare","False","Empty/count short-circuit","6","MW Category Weekday Targets | MW Role Targets | MW FTE Profile Comparison | MW Input Check | MW Distribution Check | MinuteWorkersFTE_CHECK","Can publish an empty or alternate result without a runner-visible failure"
"Unit2/DemandMaster","UNITS/Unit2/1. Input/Demand-MasterRoster Manual Read.xlsx","CLIENT/DATExx-Whiddon/UNITS/Unit2/1. Input/Demand-MasterRoster Manual Read.xlsx_PowerQuery.m","MinuteWorkersFTE_WEEKLY_DISTRIBUTION_CHECK","False","Named check or diagnostic","3","MW Role Fortnight Day Totals | MW Distribution Check | MW Daily Allocation Check","Diagnostic result is not interpreted by the runner"
"Unit2/DemandMaster","UNITS/Unit2/1. Input/Demand-MasterRoster Manual Read.xlsx","CLIENT/DATExx-Whiddon/UNITS/Unit2/1. Input/Demand-MasterRoster Manual Read.xlsx_PowerQuery.m","MinuteWorkersFTE_CATEGORY_DAILY_CHECK","False","Named check or diagnostic","3","MinuteWorkersFTE_WEEKLY_DISTRIBUTION_CHECK | MW Distribution Check | MW Daily Allocation Check","Diagnostic result is not interpreted by the runner"
"Unit2/DemandMaster","UNITS/Unit2/1. Input/Demand-MasterRoster Manual Read.xlsx","CLIENT/DATExx-Whiddon/UNITS/Unit2/1. Input/Demand-MasterRoster Manual Read.xlsx_PowerQuery.m","MinuteWorkersFTE_HISTORICAL_DAY_CHECK","False","Named check or diagnostic","1","MinuteWorkersFTE_CATEGORY_DAILY_CHECK","Diagnostic result is not interpreted by the runner"
"Unit2/DemandMaster","UNITS/Unit2/1. Input/Demand-MasterRoster Manual Read.xlsx","CLIENT/DATExx-Whiddon/UNITS/Unit2/1. Input/Demand-MasterRoster Manual Read.xlsx_PowerQuery.m","MW Input Check","False","Named check or diagnostic; Empty/count short-circuit","1","MW PreAllocation Check","Can publish an empty or alternate result without a runner-visible failure"
"Unit2/DemandMaster","UNITS/Unit2/1. Input/Demand-MasterRoster Manual Read.xlsx","CLIENT/DATExx-Whiddon/UNITS/Unit2/1. Input/Demand-MasterRoster Manual Read.xlsx_PowerQuery.m","MW Distribution Check","False","Named check or diagnostic","1","MW PreAllocation Check","Diagnostic result is not interpreted by the runner"
"Unit2/DemandMaster","UNITS/Unit2/1. Input/Demand-MasterRoster Manual Read.xlsx","CLIENT/DATExx-Whiddon/UNITS/Unit2/1. Input/Demand-MasterRoster Manual Read.xlsx_PowerQuery.m","MW Daily Allocation Check","False","Named check or diagnostic","2","MW Publication Check | MinuteWorkersFTE_CHECK","Diagnostic result is not interpreted by the runner"
"Unit2/DemandMaster","UNITS/Unit2/1. Input/Demand-MasterRoster Manual Read.xlsx","CLIENT/DATExx-Whiddon/UNITS/Unit2/1. Input/Demand-MasterRoster Manual Read.xlsx_PowerQuery.m","MW PreAllocation Check","False","Named check or diagnostic","2","MW Publication Check | MinuteWorkersFTE_CHECK","Diagnostic result is not interpreted by the runner"
"Unit2/DemandMaster","UNITS/Unit2/1. Input/Demand-MasterRoster Manual Read.xlsx","CLIENT/DATExx-Whiddon/UNITS/Unit2/1. Input/Demand-MasterRoster Manual Read.xlsx_PowerQuery.m","MW Fortnight Hours Check","False","Named check or diagnostic; Empty/count short-circuit","2","MW Publication Check | MinuteWorkersFTE_CHECK","Can publish an empty or alternate result without a runner-visible failure"
"Unit2/DemandMaster","UNITS/Unit2/1. Input/Demand-MasterRoster Manual Read.xlsx","CLIENT/DATExx-Whiddon/UNITS/Unit2/1. Input/Demand-MasterRoster Manual Read.xlsx_PowerQuery.m","MW FTE Profile Alignment Check","False","Named check or diagnostic","2","MW Publication Check | MinuteWorkersFTE_CHECK","Diagnostic result is not interpreted by the runner"
"Unit2/DemandMaster","UNITS/Unit2/1. Input/Demand-MasterRoster Manual Read.xlsx","CLIENT/DATExx-Whiddon/UNITS/Unit2/1. Input/Demand-MasterRoster Manual Read.xlsx_PowerQuery.m","MW Publication Check","False","Named check or diagnostic; Empty/count short-circuit","2","MinuteWorkersFTE_TABLE | MinuteWorkersFTE_HISTORICAL_FORTNIGHT_TABLE","Can publish an empty or alternate result without a runner-visible failure"
"Unit2/DemandMaster","UNITS/Unit2/1. Input/Demand-MasterRoster Manual Read.xlsx","CLIENT/DATExx-Whiddon/UNITS/Unit2/1. Input/Demand-MasterRoster Manual Read.xlsx_PowerQuery.m","MinuteWorkersFTE_TABLE","False","Raises M error; Empty/count short-circuit","3","MW Publication Check | MinuteWorkersFTE_HISTORICAL_FORTNIGHT_TABLE | MinuteWorkersFTE_MATRIX","Can block a calculation, but current runner only waits for idle/calculation state"
"Unit2/DemandMaster","UNITS/Unit2/1. Input/Demand-MasterRoster Manual Read.xlsx","CLIENT/DATExx-Whiddon/UNITS/Unit2/1. Input/Demand-MasterRoster Manual Read.xlsx_PowerQuery.m","MinuteWorkersFTE_HISTORICAL_FORTNIGHT_TABLE","False","Raises M error; Empty/count short-circuit","1","MinuteWorkersFTE_TABLE","Can block a calculation, but current runner only waits for idle/calculation state"
"Unit2/DemandMaster","UNITS/Unit2/1. Input/Demand-MasterRoster Manual Read.xlsx","CLIENT/DATExx-Whiddon/UNITS/Unit2/1. Input/Demand-MasterRoster Manual Read.xlsx_PowerQuery.m","MinuteWorkersFTE_CHECK","False","Named check or diagnostic; Empty/count short-circuit","1","MinuteWorkersFTE_MATRIX","Can publish an empty or alternate result without a runner-visible failure"
"Unit2/DemandInput","UNITS/Unit2/1. Input/2-DemandExtract.xlsx","CLIENT/DATExx-Whiddon/UNITS/Unit2/1. Input/2-DemandExtract.xlsx_PowerQuery.m","UnitL1PathTABLE","False","Raises M error; Captures or replaces error; Empty/count short-circuit","1","Unit1Path","Can block a calculation, but current runner only waits for idle/calculation state"
"Unit2/DemandInput","UNITS/Unit2/1. Input/2-DemandExtract.xlsx","CLIENT/DATExx-Whiddon/UNITS/Unit2/1. Input/2-DemandExtract.xlsx_PowerQuery.m","Unit1Path","False","Raises M error","4","UnitL1PathTABLE | LocalUnitFolder | IMPORT Distributed FTE Workbook | IMPORT Settings Data","Can block a calculation, but current runner only waits for idle/calculation state"
"Unit2/DemandInput","UNITS/Unit2/1. Input/2-DemandExtract.xlsx","CLIENT/DATExx-Whiddon/UNITS/Unit2/1. Input/2-DemandExtract.xlsx_PowerQuery.m","IMPORT Distributed FTE Checks","False","Named check or diagnostic","2","Distributed FTE Source Validate | DemandExtraction_CHECK","Diagnostic result is not interpreted by the runner"
"Unit2/DemandInput","UNITS/Unit2/1. Input/2-DemandExtract.xlsx","CLIENT/DATExx-Whiddon/UNITS/Unit2/1. Input/2-DemandExtract.xlsx_PowerQuery.m","Distributed FTE Source Validate","False","Named check or diagnostic; Raises M error; Empty/count short-circuit","2","Distributed FTE Rows Prepare | DemandExtraction_CHECK","Can block a calculation, but current runner only waits for idle/calculation state"
"Unit2/DemandInput","UNITS/Unit2/1. Input/2-DemandExtract.xlsx","CLIENT/DATExx-Whiddon/UNITS/Unit2/1. Input/2-DemandExtract.xlsx_PowerQuery.m","Distributed FTE Rows Prepare","False","Raises M error; Empty/count short-circuit","2","Distributed FTE Allocation Prepare | Distributed FTE Profile Prepare","Can block a calculation, but current runner only waits for idle/calculation state"
"Unit2/DemandInput","UNITS/Unit2/1. Input/2-DemandExtract.xlsx","CLIENT/DATExx-Whiddon/UNITS/Unit2/1. Input/2-DemandExtract.xlsx_PowerQuery.m","Distributed FTE Prepare","False","Raises M error; Empty/count short-circuit","3","Demand Extraction Prepare | DemandExtraction_RECONCILIATION | DemandExtraction_CHECK","Can block a calculation, but current runner only waits for idle/calculation state"
"Unit2/DemandInput","UNITS/Unit2/1. Input/2-DemandExtract.xlsx","CLIENT/DATExx-Whiddon/UNITS/Unit2/1. Input/2-DemandExtract.xlsx_PowerQuery.m","Demand Calendar Prepare","False","Raises M error; Empty/count short-circuit","2","Permutation DateTimeRoleShift | DemandExtraction_CHECK","Can block a calculation, but current runner only waits for idle/calculation state"
"Unit2/DemandInput","UNITS/Unit2/1. Input/2-DemandExtract.xlsx","CLIENT/DATExx-Whiddon/UNITS/Unit2/1. Input/2-DemandExtract.xlsx_PowerQuery.m","Permutation DateTimeRoleShift","False","Raises M error; Empty/count short-circuit","2","Demand Extraction Prepare | DemandExtraction_CHECK","Can block a calculation, but current runner only waits for idle/calculation state"
"Unit2/DemandInput","UNITS/Unit2/1. Input/2-DemandExtract.xlsx","CLIENT/DATExx-Whiddon/UNITS/Unit2/1. Input/2-DemandExtract.xlsx_PowerQuery.m","Demand Extraction Prepare","False","Raises M error; Empty/count short-circuit","3","DemandExtraction_RECONCILIATION | DemandExtraction_CHECK | ShiftUnitDemandHRS","Can block a calculation, but current runner only waits for idle/calculation state"
"Unit2/DemandInput","UNITS/Unit2/1. Input/2-DemandExtract.xlsx","CLIENT/DATExx-Whiddon/UNITS/Unit2/1. Input/2-DemandExtract.xlsx_PowerQuery.m","DemandExtraction_RECONCILIATION","False","Named check or diagnostic","2","Demand Extraction Prepare | DemandExtraction_CHECK","Diagnostic result is not interpreted by the runner"
"Unit2/DemandInput","UNITS/Unit2/1. Input/2-DemandExtract.xlsx","CLIENT/DATExx-Whiddon/UNITS/Unit2/1. Input/2-DemandExtract.xlsx_PowerQuery.m","DemandExtraction_CHECK","False","Named check or diagnostic; Raises M error; Captures or replaces error; Empty/count short-circuit","2","DemandExtraction_RECONCILIATION | ShiftUnitDemandHRS","Can block a calculation, but current runner only waits for idle/calculation state"
"Unit2/DemandInput","UNITS/Unit2/1. Input/2-DemandExtract.xlsx","CLIENT/DATExx-Whiddon/UNITS/Unit2/1. Input/2-DemandExtract.xlsx_PowerQuery.m","ShiftUnitDemandHRS","False","Raises M error; Empty/count short-circuit","1","DemandExtraction_CHECK","Can block a calculation, but current runner only waits for idle/calculation state"
"Unit2/Availability","UNITS/Unit2/2. Calculations/Capacity-ShiftAvailability.xlsx","CLIENT/DATExx-Whiddon/UNITS/Unit2/2. Calculations/Capacity-ShiftAvailability.xlsx_PowerQuery.m","AvailabilityText","False","Captures or replaces error","4","StdRosterDays | IMPORT Combined Availabilities | IMPORT Reconciled Workers | ReconciledWorkers_Eligible","Can convert a calculation error into data, null, fallback, warning, or empty output"
"Unit2/Availability","UNITS/Unit2/2. Calculations/Capacity-ShiftAvailability.xlsx","CLIENT/DATExx-Whiddon/UNITS/Unit2/2. Calculations/Capacity-ShiftAvailability.xlsx_PowerQuery.m","AvailabilityUnion","False","Empty/count short-circuit","3","AvailabilityText | AvailabilityDailyExclusions | WorkerAvailabilityRules","Can publish an empty or alternate result without a runner-visible failure"
"Unit2/Availability","UNITS/Unit2/2. Calculations/Capacity-ShiftAvailability.xlsx","CLIENT/DATExx-Whiddon/UNITS/Unit2/2. Calculations/Capacity-ShiftAvailability.xlsx_PowerQuery.m","IMPORT Reconciled Workers","False","Named check or diagnostic","2","ReconciledWorkers_Prepare | WorkerAvailability_DIAGNOSTICS","Diagnostic result is not interpreted by the runner"
"Unit2/Availability","UNITS/Unit2/2. Calculations/Capacity-ShiftAvailability.xlsx","CLIENT/DATExx-Whiddon/UNITS/Unit2/2. Calculations/Capacity-ShiftAvailability.xlsx_PowerQuery.m","EXTRACT EffectiveShiftHrs","False","Raises M error; Empty/count short-circuit","3","WorkerAvailabilityRules | ResDayShift_Calculated | ResDayShift_CHECK","Can block a calculation, but current runner only waits for idle/calculation state"
"Unit2/Availability","UNITS/Unit2/2. Calculations/Capacity-ShiftAvailability.xlsx","CLIENT/DATExx-Whiddon/UNITS/Unit2/2. Calculations/Capacity-ShiftAvailability.xlsx_PowerQuery.m","AvailabilityRecords","False","Raises M error; Captures or replaces error","3","EXTRACT EffectiveShiftHrs | AvailabilityRecords_Invalid | WorkerAvailabilityRules","Can block a calculation, but current runner only waits for idle/calculation state"
"Unit2/Availability","UNITS/Unit2/2. Calculations/Capacity-ShiftAvailability.xlsx","CLIENT/DATExx-Whiddon/UNITS/Unit2/2. Calculations/Capacity-ShiftAvailability.xlsx_PowerQuery.m","ReconciledWorkers_Prepare","False","Named check or diagnostic; Empty/count short-circuit","3","AvailabilityRecords | ReconciledWorkers_Eligible | WorkerAvailability_DIAGNOSTICS","Can publish an empty or alternate result without a runner-visible failure"
"Unit2/Availability","UNITS/Unit2/2. Calculations/Capacity-ShiftAvailability.xlsx","CLIENT/DATExx-Whiddon/UNITS/Unit2/2. Calculations/Capacity-ShiftAvailability.xlsx_PowerQuery.m","ReconciledWorkers_Eligible","False","Named check or diagnostic","5","ReconciledWorkers_Prepare | AvailabilityRecords_Invalid | WorkerAvailabilityRules | ReconciledWorkers_CHECK | Availability-StaffList","Diagnostic result is not interpreted by the runner"
"Unit2/Availability","UNITS/Unit2/2. Calculations/Capacity-ShiftAvailability.xlsx","CLIENT/DATExx-Whiddon/UNITS/Unit2/2. Calculations/Capacity-ShiftAvailability.xlsx_PowerQuery.m","WorkerAvailability_DIAGNOSTICS","False","Named check or diagnostic","1","ReconciledWorkers_Eligible","Diagnostic result is not interpreted by the runner"
"Unit2/Availability","UNITS/Unit2/2. Calculations/Capacity-ShiftAvailability.xlsx","CLIENT/DATExx-Whiddon/UNITS/Unit2/2. Calculations/Capacity-ShiftAvailability.xlsx_PowerQuery.m","AvailabilityShiftDefinitions","False","Raises M error; Empty/count short-circuit","2","AvailabilityRecords_Invalid | AvailabilityShiftWindows","Can block a calculation, but current runner only waits for idle/calculation state"
"Unit2/Availability","UNITS/Unit2/2. Calculations/Capacity-ShiftAvailability.xlsx","CLIENT/DATExx-Whiddon/UNITS/Unit2/2. Calculations/Capacity-ShiftAvailability.xlsx_PowerQuery.m","AvailabilityShiftWindows","False","Raises M error; Empty/count short-circuit","4","AvailabilityShiftDefinitions | WorkerAvailabilityRules | WorkerShiftSegments | ResDayShift_CHECK","Can block a calculation, but current runner only waits for idle/calculation state"
"Unit2/Availability","UNITS/Unit2/2. Calculations/Capacity-ShiftAvailability.xlsx","CLIENT/DATExx-Whiddon/UNITS/Unit2/2. Calculations/Capacity-ShiftAvailability.xlsx_PowerQuery.m","WorkerAvailabilityRules","False","Empty/count short-circuit","2","AvailabilityDailyExclusions | WorkerShiftSegments","Can publish an empty or alternate result without a runner-visible failure"
"Unit2/Availability","UNITS/Unit2/2. Calculations/Capacity-ShiftAvailability.xlsx","CLIENT/DATExx-Whiddon/UNITS/Unit2/2. Calculations/Capacity-ShiftAvailability.xlsx_PowerQuery.m","WorkerShiftSegments","False","Raises M error; Empty/count short-circuit","2","WorkerAvailabilityRules | ResDayShift_Calculated","Can block a calculation, but current runner only waits for idle/calculation state"
"Unit2/Availability","UNITS/Unit2/2. Calculations/Capacity-ShiftAvailability.xlsx","CLIENT/DATExx-Whiddon/UNITS/Unit2/2. Calculations/Capacity-ShiftAvailability.xlsx_PowerQuery.m","AvailabilityCheckResult","False","Named check or diagnostic; Captures or replaces error","3","ResDayShift_Calculated | ReconciledWorkers_CHECK | ResDayShift_CHECK","Can convert a calculation error into data, null, fallback, warning, or empty output"
"Unit2/Availability","UNITS/Unit2/2. Calculations/Capacity-ShiftAvailability.xlsx","CLIENT/DATExx-Whiddon/UNITS/Unit2/2. Calculations/Capacity-ShiftAvailability.xlsx_PowerQuery.m","ReconciledWorkers_CHECK","False","Named check or diagnostic","3","AvailabilityCheckResult | ResDayShift_CHECK | Availability-StaffList","Diagnostic result is not interpreted by the runner"
"Unit2/Availability","UNITS/Unit2/2. Calculations/Capacity-ShiftAvailability.xlsx","CLIENT/DATExx-Whiddon/UNITS/Unit2/2. Calculations/Capacity-ShiftAvailability.xlsx_PowerQuery.m","ResDayShift_CHECK","False","Named check or diagnostic; Empty/count short-circuit","2","ReconciledWorkers_CHECK | ResDayShift","Can publish an empty or alternate result without a runner-visible failure"
"Unit2/Availability","UNITS/Unit2/2. Calculations/Capacity-ShiftAvailability.xlsx","CLIENT/DATExx-Whiddon/UNITS/Unit2/2. Calculations/Capacity-ShiftAvailability.xlsx_PowerQuery.m","ResDayShift","False","Raises M error; Empty/count short-circuit","2","ResDayShift_CHECK | RoleResDayAvailabilityCapped","Can block a calculation, but current runner only waits for idle/calculation state"
"Unit2/Availability","UNITS/Unit2/2. Calculations/Capacity-ShiftAvailability.xlsx","CLIENT/DATExx-Whiddon/UNITS/Unit2/2. Calculations/Capacity-ShiftAvailability.xlsx_PowerQuery.m","RoleResDayAvailabilityCapped","False","Captures or replaces error","1","RoleAvailabilityCapped","Can convert a calculation error into data, null, fallback, warning, or empty output"
"Unit2/Availability","UNITS/Unit2/2. Calculations/Capacity-ShiftAvailability.xlsx","CLIENT/DATExx-Whiddon/UNITS/Unit2/2. Calculations/Capacity-ShiftAvailability.xlsx_PowerQuery.m","Availability-StaffList","False","Raises M error; Empty/count short-circuit","0","","Can block a calculation, but current runner only waits for idle/calculation state"
"Unit2/Availability","UNITS/Unit2/2. Calculations/Capacity-ShiftAvailability.xlsx","CLIENT/DATExx-Whiddon/UNITS/Unit2/2. Calculations/Capacity-ShiftAvailability.xlsx_PowerQuery.m","UnitL1PathTABLE","False","Raises M error; Captures or replaces error; Empty/count short-circuit","2","FilePath - 2Calculations | FilePath - 1Input","Can block a calculation, but current runner only waits for idle/calculation state"
"Unit2/Staff","UNITS/Unit2/2. Calculations/StaffListMaster.xlsx","CLIENT/DATExx-Whiddon/UNITS/Unit2/2. Calculations/StaffListMaster.xlsx_PowerQuery.m","UnitL1PathTABLE","False","Raises M error; Captures or replaces error; Empty/count short-circuit","2","FilePath-2Calculations | FilePath-1Input","Can block a calculation, but current runner only waits for idle/calculation state"
"Unit2/Intervals","UNITS/Unit2/2. Calculations/Intervals.xlsx","CLIENT/DATExx-Whiddon/UNITS/Unit2/2. Calculations/Intervals.xlsx_PowerQuery.m","UnitL1PathTABLE","False","Raises M error; Captures or replaces error; Empty/count short-circuit","2","FilePath-2Calculations | FilePath-1Input","Can block a calculation, but current runner only waits for idle/calculation state"
"Unit2/DemandIntervals","UNITS/Unit2/2. Calculations/DemandIntervals.xlsx","CLIENT/DATExx-Whiddon/UNITS/Unit2/2. Calculations/DemandIntervals.xlsx_PowerQuery.m","UnitL1PathTABLE","False","Raises M error; Captures or replaces error; Empty/count short-circuit","1","FilePath","Can block a calculation, but current runner only waits for idle/calculation state"
"Unit2/DemandIntervals","UNITS/Unit2/2. Calculations/DemandIntervals.xlsx","CLIENT/DATExx-Whiddon/UNITS/Unit2/2. Calculations/DemandIntervals.xlsx_PowerQuery.m","Table_ShiftDemandHRSCheck","False","Named check or diagnostic","0","","Not demanded by another source query; runner cannot assume it executed or inspect its result"
"Unit2/DemandIntervals","UNITS/Unit2/2. Calculations/DemandIntervals.xlsx","CLIENT/DATExx-Whiddon/UNITS/Unit2/2. Calculations/DemandIntervals.xlsx_PowerQuery.m","ShiftDemandUnitINTERVALCheck","False","Named check or diagnostic","0","","Not demanded by another source query; runner cannot assume it executed or inspect its result"
"Unit2/Demand","UNITS/Unit2/2. Calculations/Demand.xlsx","CLIENT/DATExx-Whiddon/UNITS/Unit2/2. Calculations/Demand.xlsx_PowerQuery.m","UnitL1PathTABLE","False","Raises M error; Captures or replaces error; Empty/count short-circuit","2","Folder-2Calculations | Folder-1Input","Can block a calculation, but current runner only waits for idle/calculation state"
"Unit2/Demand","UNITS/Unit2/2. Calculations/Demand.xlsx","CLIENT/DATExx-Whiddon/UNITS/Unit2/2. Calculations/Demand.xlsx_PowerQuery.m","Table_ShiftDemandUnitINTERVALCheck","False","Named check or diagnostic","0","","Not demanded by another source query; runner cannot assume it executed or inspect its result"
"Unit2/Demand","UNITS/Unit2/2. Calculations/Demand.xlsx","CLIENT/DATExx-Whiddon/UNITS/Unit2/2. Calculations/Demand.xlsx_PowerQuery.m","ShiftDemandHCAverageCheck","False","Named check or diagnostic","0","","Not demanded by another source query; runner cannot assume it executed or inspect its result"
"Unit2/Demand","UNITS/Unit2/2. Calculations/Demand.xlsx","CLIENT/DATExx-Whiddon/UNITS/Unit2/2. Calculations/Demand.xlsx_PowerQuery.m","CareDemandHRSWeeklyCheck","False","Named check or diagnostic","1","Table_ShiftDemandUnitINTERVALCheck","Diagnostic result is not interpreted by the runner"
"Unit2/Shifts","UNITS/Unit2/2. Calculations/Shifts.xlsx","CLIENT/DATExx-Whiddon/UNITS/Unit2/2. Calculations/Shifts.xlsx_PowerQuery.m","UnitL1PathTABLE","False","Raises M error; Captures or replaces error; Empty/count short-circuit","2","FilePath - 2Calculations | FilePath - 1Input","Can block a calculation, but current runner only waits for idle/calculation state"
"Unit2/ShiftAverage","UNITS/Unit2/2. Calculations/AllocationByShiftAverage.xlsx","CLIENT/DATExx-Whiddon/UNITS/Unit2/2. Calculations/AllocationByShiftAverage.xlsx_PowerQuery.m","UnitL1PathTABLE","False","Raises M error; Captures or replaces error; Empty/count short-circuit","1","FilePath","Can block a calculation, but current runner only waits for idle/calculation state"
"Unit2/ShiftAverage","UNITS/Unit2/2. Calculations/AllocationByShiftAverage.xlsx","CLIENT/DATExx-Whiddon/UNITS/Unit2/2. Calculations/AllocationByShiftAverage.xlsx_PowerQuery.m","RoleShiftAllocation","False","Raises M error; Empty/count short-circuit","2","RoleShiftAllocation_Calculated | RoleShiftIntervalAllocation","Can block a calculation, but current runner only waits for idle/calculation state"
"Unit2/ShiftAverage","UNITS/Unit2/2. Calculations/AllocationByShiftAverage.xlsx","CLIENT/DATExx-Whiddon/UNITS/Unit2/2. Calculations/AllocationByShiftAverage.xlsx_PowerQuery.m","RoleShiftAllocation_CHECK","False","Named check or diagnostic; Captures or replaces error","2","RoleShiftAllocation | RoleShiftIntervalAllocation","Can convert a calculation error into data, null, fallback, warning, or empty output"
"Unit2/Allocation","UNITS/Unit2/2. Calculations/Allocation.xlsx","CLIENT/DATExx-Whiddon/UNITS/Unit2/2. Calculations/Allocation.xlsx_PowerQuery.m","UnitL1PathTABLE","False","Raises M error; Captures or replaces error; Empty/count short-circuit","2","FilePath - 2Calculations | FilePath - 1Input","Can block a calculation, but current runner only waits for idle/calculation state"
"Unit2/Distribution","UNITS/Unit2/2. Calculations/Shift-StaffDistribution.xlsx","CLIENT/DATExx-Whiddon/UNITS/Unit2/2. Calculations/Shift-StaffDistribution.xlsx_PowerQuery.m","UnitL1PathTABLE","False","Raises M error; Captures or replaces error; Empty/count short-circuit","1","Folder-2Calculations","Can block a calculation, but current runner only waits for idle/calculation state"
"Unit2/MultiRole","UNITS/Unit2/2. Calculations/MutliRoleCheck.xlsx","CLIENT/DATExx-Whiddon/UNITS/Unit2/2. Calculations/MutliRoleCheck.xlsx_PowerQuery.m","UnitL1PathTABLE","False","Raises M error; Captures or replaces error; Empty/count short-circuit","1","FilePath","Can block a calculation, but current runner only waits for idle/calculation state"
"Unit2/Capacity","UNITS/Unit2/2. Calculations/Capacity.xlsx","CLIENT/DATExx-Whiddon/UNITS/Unit2/2. Calculations/Capacity.xlsx_PowerQuery.m","UnitL1PathTABLE","False","Raises M error; Captures or replaces error; Empty/count short-circuit","2","Facility | Unit1Path","Can block a calculation, but current runner only waits for idle/calculation state"
"Unit2/Effort","UNITS/Unit2/2. Calculations/Effort.xlsx","CLIENT/DATExx-Whiddon/UNITS/Unit2/2. Calculations/Effort.xlsx_PowerQuery.m","UnitL1PathTABLE","False","Raises M error; Captures or replaces error; Empty/count short-circuit","2","Unit1Path | Unit","Can block a calculation, but current runner only waits for idle/calculation state"
"BD/Capacity","UNITS/BD/2. Calculations/Capacity.xlsx","CLIENT/DATExx-Whiddon/UNITS/BD/2. Calculations/Capacity.xlsx_PowerQuery.m","UnitL1PathTABLE","True","Raises M error; Captures or replaces error; Empty/count short-circuit","2","Facility | Unit1Path","Can block a calculation, but current runner only waits for idle/calculation state"
"TE/AllocationInput","UNITS/TE/1. Input/1-AllocationExtracted.xlsx","CLIENT/DATExx-Whiddon/UNITS/TE/1. Input/1-AllocationExtracted.xlsx_PowerQuery.m","Unit1Path","True","Raises M error","3","UnitL1PathTABLE | Path | IMPORT Roster","Can block a calculation, but current runner only waits for idle/calculation state"
"TE/AllocationInput","UNITS/TE/1. Input/1-AllocationExtracted.xlsx","CLIENT/DATExx-Whiddon/UNITS/TE/1. Input/1-AllocationExtracted.xlsx_PowerQuery.m","PathTABLE","True","Raises M error; Captures or replaces error; Empty/count short-circuit","3","UnitL1PathTABLE | Unit1Path | Unit","Can block a calculation, but current runner only waits for idle/calculation state"
"TE/AllocationInput","UNITS/TE/1. Input/1-AllocationExtracted.xlsx","CLIENT/DATExx-Whiddon/UNITS/TE/1. Input/1-AllocationExtracted.xlsx_PowerQuery.m","AllocationExtractedCheck","True","Named check or diagnostic","0","","Not demanded by another source query; runner cannot assume it executed or inspect its result"
"TE/Settings","UNITS/TE/2. Calculations/Settings Data.xlsx","CLIENT/DATExx-Whiddon/UNITS/TE/2. Calculations/Settings Data.xlsx_PowerQuery.m","UnitL1PathTABLE","True","Raises M error; Empty/count short-circuit","3","IMPORT CentriSyncPaths | Unit1Path | Unit","Can block a calculation, but current runner only waits for idle/calculation state"
"TE/Settings","UNITS/TE/2. Calculations/Settings Data.xlsx","CLIENT/DATExx-Whiddon/UNITS/TE/2. Calculations/Settings Data.xlsx_PowerQuery.m","FacilityAnalysisTABLE","True","Raises M error; Empty/count short-circuit","2","LINK Facility Analysis | Allocation Unit Rows","Can block a calculation, but current runner only waits for idle/calculation state"
"TE/DemandMaster","UNITS/TE/1. Input/Demand-MasterRoster Manual Read.xlsx","CLIENT/DATExx-Whiddon/UNITS/TE/1. Input/Demand-MasterRoster Manual Read.xlsx_PowerQuery.m","UnitL1PathTABLE","True","Raises M error; Captures or replaces error; Empty/count short-circuit","3","IMPORT CentriSyncPaths | Unit1Path | Unit","Can block a calculation, but current runner only waits for idle/calculation state"
"TE/DemandMaster","UNITS/TE/1. Input/Demand-MasterRoster Manual Read.xlsx","CLIENT/DATExx-Whiddon/UNITS/TE/1. Input/Demand-MasterRoster Manual Read.xlsx_PowerQuery.m","Unit1Path","True","Raises M error","3","UnitL1PathTABLE | IMPORT Settings Data | IMPORT Master","Can block a calculation, but current runner only waits for idle/calculation state"
"TE/DemandMaster","UNITS/TE/1. Input/Demand-MasterRoster Manual Read.xlsx","CLIENT/DATExx-Whiddon/UNITS/TE/1. Input/Demand-MasterRoster Manual Read.xlsx_PowerQuery.m","Unit","True","Raises M error; Empty/count short-circuit","14","UnitL1PathTABLE | Unit1Path | ShiftDuration | IMPORT Master | LINK Facility Analysis | FacilityAnalysisTABLE | Master Unit Rows | MW MinuteWorkers Prepare | MinuteWorkerRoleAssignments_TABLE | Master Prepare | MW Check Table | MW TargetMinutes Prepare | MW PreAllocation Check | MW Fortnight Hours Check","Can block a calculation, but current runner only waits for idle/calculation state"
"TE/DemandMaster","UNITS/TE/1. Input/Demand-MasterRoster Manual Read.xlsx","CLIENT/DATExx-Whiddon/UNITS/TE/1. Input/Demand-MasterRoster Manual Read.xlsx_PowerQuery.m","ShiftDuration","True","Raises M error; Empty/count short-circuit","6","IMPORT Settings Data | MW Historical WeekDayShift | MW DayShift Allocation | MW FTE Profile Comparison | MW Fortnight Hours Check | MinuteWorkersFTE_CHECK","Can block a calculation, but current runner only waits for idle/calculation state"
"TE/DemandMaster","UNITS/TE/1. Input/Demand-MasterRoster Manual Read.xlsx","CLIENT/DATExx-Whiddon/UNITS/TE/1. Input/Demand-MasterRoster Manual Read.xlsx_PowerQuery.m","FacilityAnalysisTABLE","True","Raises M error; Empty/count short-circuit","2","LINK Facility Analysis | Master Unit Rows","Can block a calculation, but current runner only waits for idle/calculation state"
"TE/DemandMaster","UNITS/TE/1. Input/Demand-MasterRoster Manual Read.xlsx","CLIENT/DATExx-Whiddon/UNITS/TE/1. Input/Demand-MasterRoster Manual Read.xlsx_PowerQuery.m","INPUT TargetMinutes","True","Raises M error","3","MW TargetMinutes Prepare | MW Input Check | MW Fortnight Hours Check","Can block a calculation, but current runner only waits for idle/calculation state"
"TE/DemandMaster","UNITS/TE/1. Input/Demand-MasterRoster Manual Read.xlsx","CLIENT/DATExx-Whiddon/UNITS/TE/1. Input/Demand-MasterRoster Manual Read.xlsx_PowerQuery.m","LocRoleDayShift%CHECK","True","Named check or diagnostic","0","","Not demanded by another source query; runner cannot assume it executed or inspect its result"
"TE/DemandMaster","UNITS/TE/1. Input/Demand-MasterRoster Manual Read.xlsx","CLIENT/DATExx-Whiddon/UNITS/TE/1. Input/Demand-MasterRoster Manual Read.xlsx_PowerQuery.m","MW Check Table","True","Named check or diagnostic","6","MW Input Check | MW Distribution Check | MW Daily Allocation Check | MW Fortnight Hours Check | MW FTE Profile Alignment Check | MinuteWorkersFTE_CHECK","Diagnostic result is not interpreted by the runner"
"TE/DemandMaster","UNITS/TE/1. Input/Demand-MasterRoster Manual Read.xlsx","CLIENT/DATExx-Whiddon/UNITS/TE/1. Input/Demand-MasterRoster Manual Read.xlsx_PowerQuery.m","MW TargetMinutes Prepare","True","Raises M error; Empty/count short-circuit","7","MW Category Weekday Targets | MW Role Targets | MW FTE Profile Comparison | MW Input Check | MW Distribution Check | MW Fortnight Hours Check | MinuteWorkersFTE_CHECK","Can block a calculation, but current runner only waits for idle/calculation state"
"TE/DemandMaster","UNITS/TE/1. Input/Demand-MasterRoster Manual Read.xlsx","CLIENT/DATExx-Whiddon/UNITS/TE/1. Input/Demand-MasterRoster Manual Read.xlsx_PowerQuery.m","MinuteWorkersFTE_WEEKLY_DISTRIBUTION_CHECK","True","Named check or diagnostic","3","MW Role Fortnight Day Totals | MW Distribution Check | MW Daily Allocation Check","Diagnostic result is not interpreted by the runner"
"TE/DemandMaster","UNITS/TE/1. Input/Demand-MasterRoster Manual Read.xlsx","CLIENT/DATExx-Whiddon/UNITS/TE/1. Input/Demand-MasterRoster Manual Read.xlsx_PowerQuery.m","MinuteWorkersFTE_CATEGORY_DAILY_CHECK","True","Named check or diagnostic","3","MinuteWorkersFTE_WEEKLY_DISTRIBUTION_CHECK | MW Distribution Check | MW Daily Allocation Check","Diagnostic result is not interpreted by the runner"
"TE/DemandMaster","UNITS/TE/1. Input/Demand-MasterRoster Manual Read.xlsx","CLIENT/DATExx-Whiddon/UNITS/TE/1. Input/Demand-MasterRoster Manual Read.xlsx_PowerQuery.m","MinuteWorkersFTE_HISTORICAL_DAY_CHECK","True","Named check or diagnostic","1","MinuteWorkersFTE_CATEGORY_DAILY_CHECK","Diagnostic result is not interpreted by the runner"
"TE/DemandMaster","UNITS/TE/1. Input/Demand-MasterRoster Manual Read.xlsx","CLIENT/DATExx-Whiddon/UNITS/TE/1. Input/Demand-MasterRoster Manual Read.xlsx_PowerQuery.m","MW Input Check","True","Named check or diagnostic; Empty/count short-circuit","1","MW PreAllocation Check","Can publish an empty or alternate result without a runner-visible failure"
"TE/DemandMaster","UNITS/TE/1. Input/Demand-MasterRoster Manual Read.xlsx","CLIENT/DATExx-Whiddon/UNITS/TE/1. Input/Demand-MasterRoster Manual Read.xlsx_PowerQuery.m","MW Distribution Check","True","Named check or diagnostic","1","MW PreAllocation Check","Diagnostic result is not interpreted by the runner"
"TE/DemandMaster","UNITS/TE/1. Input/Demand-MasterRoster Manual Read.xlsx","CLIENT/DATExx-Whiddon/UNITS/TE/1. Input/Demand-MasterRoster Manual Read.xlsx_PowerQuery.m","MW Daily Allocation Check","True","Named check or diagnostic","2","MW Publication Check | MinuteWorkersFTE_CHECK","Diagnostic result is not interpreted by the runner"
"TE/DemandMaster","UNITS/TE/1. Input/Demand-MasterRoster Manual Read.xlsx","CLIENT/DATExx-Whiddon/UNITS/TE/1. Input/Demand-MasterRoster Manual Read.xlsx_PowerQuery.m","MW PreAllocation Check","True","Named check or diagnostic","2","MW Publication Check | MinuteWorkersFTE_CHECK","Diagnostic result is not interpreted by the runner"
"TE/DemandMaster","UNITS/TE/1. Input/Demand-MasterRoster Manual Read.xlsx","CLIENT/DATExx-Whiddon/UNITS/TE/1. Input/Demand-MasterRoster Manual Read.xlsx_PowerQuery.m","MW Fortnight Hours Check","True","Named check or diagnostic; Empty/count short-circuit","2","MW Publication Check | MinuteWorkersFTE_CHECK","Can publish an empty or alternate result without a runner-visible failure"
"TE/DemandMaster","UNITS/TE/1. Input/Demand-MasterRoster Manual Read.xlsx","CLIENT/DATExx-Whiddon/UNITS/TE/1. Input/Demand-MasterRoster Manual Read.xlsx_PowerQuery.m","MW FTE Profile Alignment Check","True","Named check or diagnostic","2","MW Publication Check | MinuteWorkersFTE_CHECK","Diagnostic result is not interpreted by the runner"
"TE/DemandMaster","UNITS/TE/1. Input/Demand-MasterRoster Manual Read.xlsx","CLIENT/DATExx-Whiddon/UNITS/TE/1. Input/Demand-MasterRoster Manual Read.xlsx_PowerQuery.m","MW Publication Check","True","Named check or diagnostic; Empty/count short-circuit","2","MinuteWorkersFTE_TABLE | MinuteWorkersFTE_HISTORICAL_FORTNIGHT_TABLE","Can publish an empty or alternate result without a runner-visible failure"
"TE/DemandMaster","UNITS/TE/1. Input/Demand-MasterRoster Manual Read.xlsx","CLIENT/DATExx-Whiddon/UNITS/TE/1. Input/Demand-MasterRoster Manual Read.xlsx_PowerQuery.m","MinuteWorkersFTE_TABLE","True","Raises M error; Empty/count short-circuit","3","MW Publication Check | MinuteWorkersFTE_HISTORICAL_FORTNIGHT_TABLE | MinuteWorkersFTE_MATRIX","Can block a calculation, but current runner only waits for idle/calculation state"
"TE/DemandMaster","UNITS/TE/1. Input/Demand-MasterRoster Manual Read.xlsx","CLIENT/DATExx-Whiddon/UNITS/TE/1. Input/Demand-MasterRoster Manual Read.xlsx_PowerQuery.m","MinuteWorkersFTE_HISTORICAL_FORTNIGHT_TABLE","True","Raises M error; Empty/count short-circuit","1","MinuteWorkersFTE_TABLE","Can block a calculation, but current runner only waits for idle/calculation state"
"TE/DemandMaster","UNITS/TE/1. Input/Demand-MasterRoster Manual Read.xlsx","CLIENT/DATExx-Whiddon/UNITS/TE/1. Input/Demand-MasterRoster Manual Read.xlsx_PowerQuery.m","MinuteWorkersFTE_CHECK","True","Named check or diagnostic; Empty/count short-circuit","1","MinuteWorkersFTE_MATRIX","Can publish an empty or alternate result without a runner-visible failure"
"TE/DemandInput","UNITS/TE/1. Input/2-DemandExtract.xlsx","CLIENT/DATExx-Whiddon/UNITS/TE/1. Input/2-DemandExtract.xlsx_PowerQuery.m","UnitL1PathTABLE","True","Raises M error; Captures or replaces error; Empty/count short-circuit","2","Unit1Path | Demand Facility","Can block a calculation, but current runner only waits for idle/calculation state"
"TE/DemandInput","UNITS/TE/1. Input/2-DemandExtract.xlsx","CLIENT/DATExx-Whiddon/UNITS/TE/1. Input/2-DemandExtract.xlsx_PowerQuery.m","Unit1Path","True","Raises M error","4","UnitL1PathTABLE | LocalUnitFolder | IMPORT Distributed FTE Workbook | IMPORT Settings Data","Can block a calculation, but current runner only waits for idle/calculation state"
"TE/DemandInput","UNITS/TE/1. Input/2-DemandExtract.xlsx","CLIENT/DATExx-Whiddon/UNITS/TE/1. Input/2-DemandExtract.xlsx_PowerQuery.m","Facility Source Code Mapping","True","Raises M error; Empty/count short-circuit","2","Distributed FTE Rows Prepare | DemandExtraction_CHECK","Can block a calculation, but current runner only waits for idle/calculation state"
"TE/DemandInput","UNITS/TE/1. Input/2-DemandExtract.xlsx","CLIENT/DATExx-Whiddon/UNITS/TE/1. Input/2-DemandExtract.xlsx_PowerQuery.m","FacilityAnalysisTABLE","True","Raises M error; Empty/count short-circuit","3","Facility Source Code Mapping | Distributed FTE Source Cells | DemandExtraction_CHECK","Can block a calculation, but current runner only waits for idle/calculation state"
"TE/DemandInput","UNITS/TE/1. Input/2-DemandExtract.xlsx","CLIENT/DATExx-Whiddon/UNITS/TE/1. Input/2-DemandExtract.xlsx_PowerQuery.m","IMPORT Distributed FTE Checks","True","Named check or diagnostic","2","Distributed FTE Source Validate | DemandExtraction_CHECK","Diagnostic result is not interpreted by the runner"
"TE/DemandInput","UNITS/TE/1. Input/2-DemandExtract.xlsx","CLIENT/DATExx-Whiddon/UNITS/TE/1. Input/2-DemandExtract.xlsx_PowerQuery.m","Demand Role Analysis Prepare","True","Raises M error; Empty/count short-circuit","1","Demand Role Mapping","Can block a calculation, but current runner only waits for idle/calculation state"
"TE/DemandInput","UNITS/TE/1. Input/2-DemandExtract.xlsx","CLIENT/DATExx-Whiddon/UNITS/TE/1. Input/2-DemandExtract.xlsx_PowerQuery.m","Demand Role Mapping","True","Raises M error; Empty/count short-circuit","4","Demand Roles | Demand Role Code | Distributed FTE Rows Prepare | DemandExtraction_CHECK","Can block a calculation, but current runner only waits for idle/calculation state"
"TE/DemandInput","UNITS/TE/1. Input/2-DemandExtract.xlsx","CLIENT/DATExx-Whiddon/UNITS/TE/1. Input/2-DemandExtract.xlsx_PowerQuery.m","Demand Roles","True","Raises M error; Empty/count short-circuit","5","Distributed FTE Prepare | Demand Calendar CHECK | Demand Calendar Prepare | Permutation DateTimeRoleShift | DemandExtraction_CHECK","Can block a calculation, but current runner only waits for idle/calculation state"
"TE/DemandInput","UNITS/TE/1. Input/2-DemandExtract.xlsx","CLIENT/DATExx-Whiddon/UNITS/TE/1. Input/2-DemandExtract.xlsx_PowerQuery.m","Demand Role Code","True","Raises M error; Empty/count short-circuit","0","","Can block a calculation, but current runner only waits for idle/calculation state"
"TE/DemandInput","UNITS/TE/1. Input/2-DemandExtract.xlsx","CLIENT/DATExx-Whiddon/UNITS/TE/1. Input/2-DemandExtract.xlsx_PowerQuery.m","ShiftDuration","True","Raises M error; Empty/count short-circuit","3","ShiftStart | Distributed FTE Exclusions | Distributed FTE Source Cells","Can block a calculation, but current runner only waits for idle/calculation state"
"TE/DemandInput","UNITS/TE/1. Input/2-DemandExtract.xlsx","CLIENT/DATExx-Whiddon/UNITS/TE/1. Input/2-DemandExtract.xlsx_PowerQuery.m","Distributed FTE Source Validate","True","Named check or diagnostic; Raises M error; Empty/count short-circuit","2","Distributed FTE Rows Prepare | DemandExtraction_CHECK","Can block a calculation, but current runner only waits for idle/calculation state"
"TE/DemandInput","UNITS/TE/1. Input/2-DemandExtract.xlsx","CLIENT/DATExx-Whiddon/UNITS/TE/1. Input/2-DemandExtract.xlsx_PowerQuery.m","Demand Facility","True","Raises M error; Empty/count short-circuit","5","FacilityAnalysisTABLE | Distributed FTE Rows Prepare | Distributed FTE Exclusions | Distributed FTE Source Cells | Demand Reconciliation Targets","Can block a calculation, but current runner only waits for idle/calculation state"
"TE/DemandInput","UNITS/TE/1. Input/2-DemandExtract.xlsx","CLIENT/DATExx-Whiddon/UNITS/TE/1. Input/2-DemandExtract.xlsx_PowerQuery.m","Distributed FTE Rows Prepare","True","Raises M error; Empty/count short-circuit","2","Distributed FTE Allocation Prepare | Distributed FTE Profile Prepare","Can block a calculation, but current runner only waits for idle/calculation state"
"TE/DemandInput","UNITS/TE/1. Input/2-DemandExtract.xlsx","CLIENT/DATExx-Whiddon/UNITS/TE/1. Input/2-DemandExtract.xlsx_PowerQuery.m","Distributed FTE Source Cells","True","Raises M error; Empty/count short-circuit","3","Distributed FTE Prepare | Demand Reconciliation Targets | DemandExtraction_CHECK","Can block a calculation, but current runner only waits for idle/calculation state"
"TE/DemandInput","UNITS/TE/1. Input/2-DemandExtract.xlsx","CLIENT/DATExx-Whiddon/UNITS/TE/1. Input/2-DemandExtract.xlsx_PowerQuery.m","Distributed FTE Prepare","True","Raises M error; Empty/count short-circuit","2","Demand Extraction Prepare | DemandExtraction_CHECK","Can block a calculation, but current runner only waits for idle/calculation state"
"TE/DemandInput","UNITS/TE/1. Input/2-DemandExtract.xlsx","CLIENT/DATExx-Whiddon/UNITS/TE/1. Input/2-DemandExtract.xlsx_PowerQuery.m","Demand Planning Periods","True","Raises M error; Empty/count short-circuit","2","Demand Calendar CHECK | Demand Calendar Prepare","Can block a calculation, but current runner only waits for idle/calculation state"
"TE/DemandInput","UNITS/TE/1. Input/2-DemandExtract.xlsx","CLIENT/DATExx-Whiddon/UNITS/TE/1. Input/2-DemandExtract.xlsx_PowerQuery.m","Demand Calendar CHECK","True","Named check or diagnostic","1","Demand Calendar Prepare","Diagnostic result is not interpreted by the runner"
"TE/DemandInput","UNITS/TE/1. Input/2-DemandExtract.xlsx","CLIENT/DATExx-Whiddon/UNITS/TE/1. Input/2-DemandExtract.xlsx_PowerQuery.m","Demand Calendar Prepare","True","Raises M error; Empty/count short-circuit","3","Permutation DateTimeRoleShift | Demand Reconciliation Targets | DemandExtraction_CHECK","Can block a calculation, but current runner only waits for idle/calculation state"
"TE/DemandInput","UNITS/TE/1. Input/2-DemandExtract.xlsx","CLIENT/DATExx-Whiddon/UNITS/TE/1. Input/2-DemandExtract.xlsx_PowerQuery.m","Permutation DateTimeRoleShift","True","Raises M error; Empty/count short-circuit","2","Demand Extraction Prepare | DemandExtraction_CHECK","Can block a calculation, but current runner only waits for idle/calculation state"
"TE/DemandInput","UNITS/TE/1. Input/2-DemandExtract.xlsx","CLIENT/DATExx-Whiddon/UNITS/TE/1. Input/2-DemandExtract.xlsx_PowerQuery.m","Demand Extraction Prepare","True","Raises M error; Empty/count short-circuit","3","DemandExtraction_RECONCILIATION | DemandExtraction_CHECK | ShiftUnitDemandHRS","Can block a calculation, but current runner only waits for idle/calculation state"
"TE/DemandInput","UNITS/TE/1. Input/2-DemandExtract.xlsx","CLIENT/DATExx-Whiddon/UNITS/TE/1. Input/2-DemandExtract.xlsx_PowerQuery.m","Demand Reconciliation Targets","True","Named check or diagnostic; Raises M error; Empty/count short-circuit","1","DemandExtraction_RECONCILIATION","Can block a calculation, but current runner only waits for idle/calculation state"
"TE/DemandInput","UNITS/TE/1. Input/2-DemandExtract.xlsx","CLIENT/DATExx-Whiddon/UNITS/TE/1. Input/2-DemandExtract.xlsx_PowerQuery.m","DemandExtraction_RECONCILIATION","True","Named check or diagnostic","2","Demand Reconciliation Targets | DemandExtraction_CHECK","Diagnostic result is not interpreted by the runner"
"TE/DemandInput","UNITS/TE/1. Input/2-DemandExtract.xlsx","CLIENT/DATExx-Whiddon/UNITS/TE/1. Input/2-DemandExtract.xlsx_PowerQuery.m","DemandExtraction_CHECK","True","Named check or diagnostic; Raises M error; Captures or replaces error; Empty/count short-circuit","2","DemandExtraction_RECONCILIATION | ShiftUnitDemandHRS","Can block a calculation, but current runner only waits for idle/calculation state"
"TE/DemandInput","UNITS/TE/1. Input/2-DemandExtract.xlsx","CLIENT/DATExx-Whiddon/UNITS/TE/1. Input/2-DemandExtract.xlsx_PowerQuery.m","ShiftUnitDemandHRS","True","Raises M error; Empty/count short-circuit","1","DemandExtraction_CHECK","Can block a calculation, but current runner only waits for idle/calculation state"
"TE/Workers","UNITS/TE/1. Input/Worker Reconciliation.xlsx","CLIENT/DATExx-Whiddon/UNITS/TE/1. Input/Worker Reconciliation.xlsx_PowerQuery.m","PathTABLE","True","Raises M error; Empty/count short-circuit","3","IMPORT CentriSyncPaths | Unit1Path | PortfolioPath","Can block a calculation, but current runner only waits for idle/calculation state"
"TE/Workers","UNITS/TE/1. Input/Worker Reconciliation.xlsx","CLIENT/DATExx-Whiddon/UNITS/TE/1. Input/Worker Reconciliation.xlsx_PowerQuery.m","IMPORT Combined Roster","True","Raises M error; Empty/count short-circuit","1","Roster Prepare","Can block a calculation, but current runner only waits for idle/calculation state"
"TE/Workers","UNITS/TE/1. Input/Worker Reconciliation.xlsx","CLIENT/DATExx-Whiddon/UNITS/TE/1. Input/Worker Reconciliation.xlsx_PowerQuery.m","IMPORT Combined Availabilities","True","Raises M error; Empty/count short-circuit","1","Availabilities Prepare","Can block a calculation, but current runner only waits for idle/calculation state"
"TE/Workers","UNITS/TE/1. Input/Worker Reconciliation.xlsx","CLIENT/DATExx-Whiddon/UNITS/TE/1. Input/Worker Reconciliation.xlsx_PowerQuery.m","RosterStartDate","True","Raises M error; Empty/count short-circuit","3","Roster Prepare | CurrentWorkers_Reconciled | Employees-ALL","Can block a calculation, but current runner only waits for idle/calculation state"
"TE/Workers","UNITS/TE/1. Input/Worker Reconciliation.xlsx","CLIENT/DATExx-Whiddon/UNITS/TE/1. Input/Worker Reconciliation.xlsx_PowerQuery.m","Availabilities-EmployeesLIST","True","Empty/count short-circuit","2","Employees-ALL | Employees-MergedAvail+Roster","Can publish an empty or alternate result without a runner-visible failure"
"TE/Workers","UNITS/TE/1. Input/Worker Reconciliation.xlsx","CLIENT/DATExx-Whiddon/UNITS/TE/1. Input/Worker Reconciliation.xlsx_PowerQuery.m","IMPORT Current_Workers","True","Raises M error; Empty/count short-circuit","1","CurrentWorkers_Prepare","Can block a calculation, but current runner only waits for idle/calculation state"
"TE/Workers","UNITS/TE/1. Input/Worker Reconciliation.xlsx","CLIENT/DATExx-Whiddon/UNITS/TE/1. Input/Worker Reconciliation.xlsx_PowerQuery.m","CurrentWorkers_Prepare","True","Raises M error; Empty/count short-circuit","2","IMPORT Current_Workers | CurrentWorkers_Reconciled","Can block a calculation, but current runner only waits for idle/calculation state"
"TE/Workers","UNITS/TE/1. Input/Worker Reconciliation.xlsx","CLIENT/DATExx-Whiddon/UNITS/TE/1. Input/Worker Reconciliation.xlsx_PowerQuery.m","CurrentWorkers_Reconciled","True","Named check or diagnostic","2","CurrentWorkers_Prepare | Employees-ALL","Diagnostic result is not interpreted by the runner"
"TE/Workers","UNITS/TE/1. Input/Worker Reconciliation.xlsx","CLIENT/DATExx-Whiddon/UNITS/TE/1. Input/Worker Reconciliation.xlsx_PowerQuery.m","Employees-ALL","True","Raises M error","2","EmployeesTABLE_Prepare | TerminatedWorkers_DIAGNOSTICS","Can block a calculation, but current runner only waits for idle/calculation state"
"TE/Workers","UNITS/TE/1. Input/Worker Reconciliation.xlsx","CLIENT/DATExx-Whiddon/UNITS/TE/1. Input/Worker Reconciliation.xlsx_PowerQuery.m","TerminatedWorkers_DIAGNOSTICS","True","Named check or diagnostic","2","EmployeesTABLE_Prepare | LeakedTerminatedWorkers_DIAGNOSTICS","Diagnostic result is not interpreted by the runner"
"TE/Workers","UNITS/TE/1. Input/Worker Reconciliation.xlsx","CLIENT/DATExx-Whiddon/UNITS/TE/1. Input/Worker Reconciliation.xlsx_PowerQuery.m","DuplicateWorkers_DIAGNOSTICS","True","Named check or diagnostic","3","TerminatedWorkers_DIAGNOSTICS | WorkerReconciliation_ISSUES | WorkerReconciliation_CHECK","Diagnostic result is not interpreted by the runner"
"TE/Workers","UNITS/TE/1. Input/Worker Reconciliation.xlsx","CLIENT/DATExx-Whiddon/UNITS/TE/1. Input/Worker Reconciliation.xlsx_PowerQuery.m","IncompleteWorkerIdentity_DIAGNOSTICS","True","Named check or diagnostic","3","DuplicateWorkers_DIAGNOSTICS | WorkerReconciliation_ISSUES | WorkerReconciliation_CHECK","Diagnostic result is not interpreted by the runner"
"TE/Workers","UNITS/TE/1. Input/Worker Reconciliation.xlsx","CLIENT/DATExx-Whiddon/UNITS/TE/1. Input/Worker Reconciliation.xlsx_PowerQuery.m","UnmatchedCurrentWorkers_DIAGNOSTICS","True","Named check or diagnostic","3","IncompleteWorkerIdentity_DIAGNOSTICS | WorkerReconciliation_ISSUES | WorkerReconciliation_CHECK","Diagnostic result is not interpreted by the runner"
"TE/Workers","UNITS/TE/1. Input/Worker Reconciliation.xlsx","CLIENT/DATExx-Whiddon/UNITS/TE/1. Input/Worker Reconciliation.xlsx_PowerQuery.m","AmbiguousCurrentWorkers_DIAGNOSTICS","True","Named check or diagnostic","3","UnmatchedCurrentWorkers_DIAGNOSTICS | WorkerReconciliation_ISSUES | WorkerReconciliation_CHECK","Diagnostic result is not interpreted by the runner"
"TE/Workers","UNITS/TE/1. Input/Worker Reconciliation.xlsx","CLIENT/DATExx-Whiddon/UNITS/TE/1. Input/Worker Reconciliation.xlsx_PowerQuery.m","InvalidWorkerMembership_DIAGNOSTICS","True","Named check or diagnostic","3","AmbiguousCurrentWorkers_DIAGNOSTICS | WorkerReconciliation_ISSUES | WorkerReconciliation_CHECK","Diagnostic result is not interpreted by the runner"
"TE/Workers","UNITS/TE/1. Input/Worker Reconciliation.xlsx","CLIENT/DATExx-Whiddon/UNITS/TE/1. Input/Worker Reconciliation.xlsx_PowerQuery.m","LeakedTerminatedWorkers_DIAGNOSTICS","True","Named check or diagnostic","3","InvalidWorkerMembership_DIAGNOSTICS | WorkerReconciliation_ISSUES | WorkerReconciliation_CHECK","Diagnostic result is not interpreted by the runner"
"TE/Workers","UNITS/TE/1. Input/Worker Reconciliation.xlsx","CLIENT/DATExx-Whiddon/UNITS/TE/1. Input/Worker Reconciliation.xlsx_PowerQuery.m","WorkerReconciliation_ISSUES","True","Named check or diagnostic","1","LeakedTerminatedWorkers_DIAGNOSTICS","Diagnostic result is not interpreted by the runner"
"TE/Workers","UNITS/TE/1. Input/Worker Reconciliation.xlsx","CLIENT/DATExx-Whiddon/UNITS/TE/1. Input/Worker Reconciliation.xlsx_PowerQuery.m","WorkerReconciliation_CHECK","True","Named check or diagnostic","2","WorkerReconciliation_ISSUES | Employees-TABLE","Diagnostic result is not interpreted by the runner"
"TE/Workers","UNITS/TE/1. Input/Worker Reconciliation.xlsx","CLIENT/DATExx-Whiddon/UNITS/TE/1. Input/Worker Reconciliation.xlsx_PowerQuery.m","Employees-TABLE","True","Raises M error; Empty/count short-circuit","0","","Can block a calculation, but current runner only waits for idle/calculation state"
"TE/Availability","UNITS/TE/2. Calculations/Capacity-ShiftAvailability.xlsx","CLIENT/DATExx-Whiddon/UNITS/TE/2. Calculations/Capacity-ShiftAvailability.xlsx_PowerQuery.m","IMPORT AllocationExtracted","True","Raises M error; Empty/count short-circuit","1","AllocationRoleHours_Prepare","Can block a calculation, but current runner only waits for idle/calculation state"
"TE/Availability","UNITS/TE/2. Calculations/Capacity-ShiftAvailability.xlsx","CLIENT/DATExx-Whiddon/UNITS/TE/2. Calculations/Capacity-ShiftAvailability.xlsx_PowerQuery.m","AvailabilityText","True","Captures or replaces error","8","IMPORT AllocationExtracted | IMPORT Reconciled Workers | WorkerRoleKey | WorkerRoleMappings_Prepare | IMPORT Availability Leave Source | WorkerContracts_Prepare | AvailabilityRecordKind | AvailabilityRecords","Can convert a calculation error into data, null, fallback, warning, or empty output"
"TE/Availability","UNITS/TE/2. Calculations/Capacity-ShiftAvailability.xlsx","CLIENT/DATExx-Whiddon/UNITS/TE/2. Calculations/Capacity-ShiftAvailability.xlsx_PowerQuery.m","IMPORT Reconciled Workers","True","Named check or diagnostic; Raises M error; Empty/count short-circuit","2","ReconciledWorkers_Prepare | WorkerAvailability_DIAGNOSTICS","Can block a calculation, but current runner only waits for idle/calculation state"
"TE/Availability","UNITS/TE/2. Calculations/Capacity-ShiftAvailability.xlsx","CLIENT/DATExx-Whiddon/UNITS/TE/2. Calculations/Capacity-ShiftAvailability.xlsx_PowerQuery.m","IMPORT Worker's Report","True","Raises M error; Empty/count short-circuit","1","WorkerContracts_Prepare","Can block a calculation, but current runner only waits for idle/calculation state"
"TE/Availability","UNITS/TE/2. Calculations/Capacity-ShiftAvailability.xlsx","CLIENT/DATExx-Whiddon/UNITS/TE/2. Calculations/Capacity-ShiftAvailability.xlsx_PowerQuery.m","WorkerRoleMappings_Prepare","True","Empty/count short-circuit","4","AvailabilityRoleGroups | WorkerRoleMappings_DIAGNOSTICS | ReconciledWorkers_Prepare | ReconciledWorkers_CHECK","Can publish an empty or alternate result without a runner-visible failure"
"TE/Availability","UNITS/TE/2. Calculations/Capacity-ShiftAvailability.xlsx","CLIENT/DATExx-Whiddon/UNITS/TE/2. Calculations/Capacity-ShiftAvailability.xlsx_PowerQuery.m","WorkerRoleMappings_DIAGNOSTICS","True","Named check or diagnostic","2","WorkerRoleMappings_Prepare | Availability-StaffList","Diagnostic result is not interpreted by the runner"
"TE/Availability","UNITS/TE/2. Calculations/Capacity-ShiftAvailability.xlsx","CLIENT/DATExx-Whiddon/UNITS/TE/2. Calculations/Capacity-ShiftAvailability.xlsx_PowerQuery.m","FacilityAnalysisTABLE","True","Raises M error","4","WorkerRoleMappings_DIAGNOSTICS | IMPORT Availability Leave Source | ReconciledWorkers_Prepare | AllocationRoleHours_Prepare","Can block a calculation, but current runner only waits for idle/calculation state"
"TE/Availability","UNITS/TE/2. Calculations/Capacity-ShiftAvailability.xlsx","CLIENT/DATExx-Whiddon/UNITS/TE/2. Calculations/Capacity-ShiftAvailability.xlsx_PowerQuery.m","WorkerContracts_Prepare","True","Captures or replaces error","2","IMPORT Availability Leave Source | ReconciledWorkers_Prepare","Can convert a calculation error into data, null, fallback, warning, or empty output"
"TE/Availability","UNITS/TE/2. Calculations/Capacity-ShiftAvailability.xlsx","CLIENT/DATExx-Whiddon/UNITS/TE/2. Calculations/Capacity-ShiftAvailability.xlsx_PowerQuery.m","EXTRACT EffectiveShiftHrs","True","Raises M error","3","WorkerLeaveDays | ResDayShift_Calculated | ResDayShift_CHECK","Can block a calculation, but current runner only waits for idle/calculation state"
"TE/Availability","UNITS/TE/2. Calculations/Capacity-ShiftAvailability.xlsx","CLIENT/DATExx-Whiddon/UNITS/TE/2. Calculations/Capacity-ShiftAvailability.xlsx_PowerQuery.m","EXTRACT MaxAvailability","True","Raises M error","1","RoleResDayAvailabilityCapped","Can block a calculation, but current runner only waits for idle/calculation state"
"TE/Availability","UNITS/TE/2. Calculations/Capacity-ShiftAvailability.xlsx","CLIENT/DATExx-Whiddon/UNITS/TE/2. Calculations/Capacity-ShiftAvailability.xlsx_PowerQuery.m","AvailabilityDailyWindows","True","Empty/count short-circuit","3","AvailabilityRecordKind | WorkerAvailabilityRules | AvailabilityRules_TEST","Can publish an empty or alternate result without a runner-visible failure"
"TE/Availability","UNITS/TE/2. Calculations/Capacity-ShiftAvailability.xlsx","CLIENT/DATExx-Whiddon/UNITS/TE/2. Calculations/Capacity-ShiftAvailability.xlsx_PowerQuery.m","AvailabilityRecords","True","Captures or replaces error","4","AvailabilityLeaveDayTotals | AvailabilityRecords_Invalid | AvailabilityReasons_DIAGNOSTICS | AvailabilityEligibleRecords","Can convert a calculation error into data, null, fallback, warning, or empty output"
"TE/Availability","UNITS/TE/2. Calculations/Capacity-ShiftAvailability.xlsx","CLIENT/DATExx-Whiddon/UNITS/TE/2. Calculations/Capacity-ShiftAvailability.xlsx_PowerQuery.m","ReconciledWorkers_Prepare","True","Named check or diagnostic; Raises M error; Empty/count short-circuit","7","AvailabilityRecords | ReconciledWorkers_Eligible | WorkerIdentityFailures_DIAGNOSTICS | WorkerAvailability_DIAGNOSTICS | ResDayShift_Calculated | WorkerRolePipeline_DIAGNOSTICS | ReconciledWorkers_CHECK","Can block a calculation, but current runner only waits for idle/calculation state"
"TE/Availability","UNITS/TE/2. Calculations/Capacity-ShiftAvailability.xlsx","CLIENT/DATExx-Whiddon/UNITS/TE/2. Calculations/Capacity-ShiftAvailability.xlsx_PowerQuery.m","AllocationRoleHours_Prepare","True","Raises M error; Captures or replaces error; Empty/count short-circuit","2","ReconciledWorkers_Prepare | AllocationRoleShares","Can block a calculation, but current runner only waits for idle/calculation state"
"TE/Availability","UNITS/TE/2. Calculations/Capacity-ShiftAvailability.xlsx","CLIENT/DATExx-Whiddon/UNITS/TE/2. Calculations/Capacity-ShiftAvailability.xlsx_PowerQuery.m","AllocationRoleShares","True","Raises M error; Empty/count short-circuit","5","AllocationRoleHours_Prepare | ReconciledWorkers_Eligible | AllocationRoleShares_CHECK | MultiRoles | RoleResDayAvailabilityCapped","Can block a calculation, but current runner only waits for idle/calculation state"
"TE/Availability","UNITS/TE/2. Calculations/Capacity-ShiftAvailability.xlsx","CLIENT/DATExx-Whiddon/UNITS/TE/2. Calculations/Capacity-ShiftAvailability.xlsx_PowerQuery.m","ReconciledWorkers_Eligible","True","Named check or diagnostic","8","AllocationRoleShares | WorkerIdentityFailures_DIAGNOSTICS | AvailabilityRecords_Invalid | AvailabilityEligibleRecords | WorkerAvailabilityRules | WorkerRolePipeline_DIAGNOSTICS | ReconciledWorkers_CHECK | Availability-StaffList","Diagnostic result is not interpreted by the runner"
"TE/Availability","UNITS/TE/2. Calculations/Capacity-ShiftAvailability.xlsx","CLIENT/DATExx-Whiddon/UNITS/TE/2. Calculations/Capacity-ShiftAvailability.xlsx_PowerQuery.m","WorkerIdentityFailures_DIAGNOSTICS","True","Named check or diagnostic","2","ReconciledWorkers_Eligible | Availability-StaffList","Diagnostic result is not interpreted by the runner"
"TE/Availability","UNITS/TE/2. Calculations/Capacity-ShiftAvailability.xlsx","CLIENT/DATExx-Whiddon/UNITS/TE/2. Calculations/Capacity-ShiftAvailability.xlsx_PowerQuery.m","WorkerAvailability_DIAGNOSTICS","True","Named check or diagnostic","1","WorkerIdentityFailures_DIAGNOSTICS","Diagnostic result is not interpreted by the runner"
"TE/Availability","UNITS/TE/2. Calculations/Capacity-ShiftAvailability.xlsx","CLIENT/DATExx-Whiddon/UNITS/TE/2. Calculations/Capacity-ShiftAvailability.xlsx_PowerQuery.m","AvailabilityReasons_DIAGNOSTICS","True","Named check or diagnostic","1","AvailabilityRecords_Invalid","Diagnostic result is not interpreted by the runner"
"TE/Availability","UNITS/TE/2. Calculations/Capacity-ShiftAvailability.xlsx","CLIENT/DATExx-Whiddon/UNITS/TE/2. Calculations/Capacity-ShiftAvailability.xlsx_PowerQuery.m","AvailabilityShiftDefinitions","True","Raises M error","2","AvailabilityReasons_DIAGNOSTICS | AvailabilityShiftWindows","Can block a calculation, but current runner only waits for idle/calculation state"
"TE/Availability","UNITS/TE/2. Calculations/Capacity-ShiftAvailability.xlsx","CLIENT/DATExx-Whiddon/UNITS/TE/2. Calculations/Capacity-ShiftAvailability.xlsx_PowerQuery.m","AvailabilityShiftWindows","True","Raises M error","7","AvailabilityShiftDefinitions | AvailabilityEligibleRecords | WorkerAvailabilityRules | WorkerShiftRoleCoverage_DIAGNOSTICS | WorkerShiftCalendar | WorkerRolePipeline_DIAGNOSTICS | ResDayShift_CHECK","Can block a calculation, but current runner only waits for idle/calculation state"
"TE/Availability","UNITS/TE/2. Calculations/Capacity-ShiftAvailability.xlsx","CLIENT/DATExx-Whiddon/UNITS/TE/2. Calculations/Capacity-ShiftAvailability.xlsx_PowerQuery.m","WorkerShiftRoleCoverage_DIAGNOSTICS","True","Named check or diagnostic","3","WorkerAvailabilityRules | WorkerShiftCalendar | ResDayShift_CHECK","Diagnostic result is not interpreted by the runner"
"TE/Availability","UNITS/TE/2. Calculations/Capacity-ShiftAvailability.xlsx","CLIENT/DATExx-Whiddon/UNITS/TE/2. Calculations/Capacity-ShiftAvailability.xlsx_PowerQuery.m","WorkerShiftCalendar","True","Raises M error; Empty/count short-circuit","2","WorkerShiftRoleCoverage_DIAGNOSTICS | WorkerShiftDayAssessment","Can block a calculation, but current runner only waits for idle/calculation state"
"TE/Availability","UNITS/TE/2. Calculations/Capacity-ShiftAvailability.xlsx","CLIENT/DATExx-Whiddon/UNITS/TE/2. Calculations/Capacity-ShiftAvailability.xlsx_PowerQuery.m","WorkerRolePipeline_DIAGNOSTICS","True","Named check or diagnostic; Captures or replaces error","1","ResDayShift_Calculated","Can convert a calculation error into data, null, fallback, warning, or empty output"
"TE/Availability","UNITS/TE/2. Calculations/Capacity-ShiftAvailability.xlsx","CLIENT/DATExx-Whiddon/UNITS/TE/2. Calculations/Capacity-ShiftAvailability.xlsx_PowerQuery.m","AvailabilityCheckResult","True","Named check or diagnostic; Captures or replaces error","5","WorkerRolePipeline_DIAGNOSTICS | ReconciledWorkers_CHECK | AvailabilityRules_TEST | ResDayShift_CHECK | AllocationRoleShares_CHECK","Can convert a calculation error into data, null, fallback, warning, or empty output"
"TE/Availability","UNITS/TE/2. Calculations/Capacity-ShiftAvailability.xlsx","CLIENT/DATExx-Whiddon/UNITS/TE/2. Calculations/Capacity-ShiftAvailability.xlsx_PowerQuery.m","ReconciledWorkers_CHECK","True","Named check or diagnostic","3","AvailabilityCheckResult | ResDayShift_CHECK | Availability-StaffList","Diagnostic result is not interpreted by the runner"
"TE/Availability","UNITS/TE/2. Calculations/Capacity-ShiftAvailability.xlsx","CLIENT/DATExx-Whiddon/UNITS/TE/2. Calculations/Capacity-ShiftAvailability.xlsx_PowerQuery.m","AvailabilityRules_TEST","True","Named check or diagnostic","2","ReconciledWorkers_CHECK | ResDayShift_CHECK","Diagnostic result is not interpreted by the runner"
"TE/Availability","UNITS/TE/2. Calculations/Capacity-ShiftAvailability.xlsx","CLIENT/DATExx-Whiddon/UNITS/TE/2. Calculations/Capacity-ShiftAvailability.xlsx_PowerQuery.m","ResDayShift_CHECK","True","Named check or diagnostic","2","AvailabilityRules_TEST | ResDayShift","Diagnostic result is not interpreted by the runner"
"TE/Availability","UNITS/TE/2. Calculations/Capacity-ShiftAvailability.xlsx","CLIENT/DATExx-Whiddon/UNITS/TE/2. Calculations/Capacity-ShiftAvailability.xlsx_PowerQuery.m","ResDayShift","True","Raises M error; Empty/count short-circuit","3","WorkerRolePipeline_DIAGNOSTICS | ResDayShift_CHECK | RoleResDayAvailabilityCapped","Can block a calculation, but current runner only waits for idle/calculation state"
"TE/Availability","UNITS/TE/2. Calculations/Capacity-ShiftAvailability.xlsx","CLIENT/DATExx-Whiddon/UNITS/TE/2. Calculations/Capacity-ShiftAvailability.xlsx_PowerQuery.m","AllocationRoleShares_CHECK","True","Named check or diagnostic","2","ResDayShift | RoleResDayAvailabilityCapped","Diagnostic result is not interpreted by the runner"
"TE/Availability","UNITS/TE/2. Calculations/Capacity-ShiftAvailability.xlsx","CLIENT/DATExx-Whiddon/UNITS/TE/2. Calculations/Capacity-ShiftAvailability.xlsx_PowerQuery.m","RoleResDayAvailabilityCapped","True","Raises M error; Empty/count short-circuit","2","MultiRoles | RoleAvailabilityCapped","Can block a calculation, but current runner only waits for idle/calculation state"
"TE/Availability","UNITS/TE/2. Calculations/Capacity-ShiftAvailability.xlsx","CLIENT/DATExx-Whiddon/UNITS/TE/2. Calculations/Capacity-ShiftAvailability.xlsx_PowerQuery.m","Availability-StaffList","True","Raises M error; Empty/count short-circuit","0","","Can block a calculation, but current runner only waits for idle/calculation state"
"TE/Availability","UNITS/TE/2. Calculations/Capacity-ShiftAvailability.xlsx","CLIENT/DATExx-Whiddon/UNITS/TE/2. Calculations/Capacity-ShiftAvailability.xlsx_PowerQuery.m","UnitL1PathTABLE","True","Raises M error; Empty/count short-circuit","4","IMPORT CentriSyncPaths | Unit | FilePath - 2Calculations | FilePath - 1Input","Can block a calculation, but current runner only waits for idle/calculation state"
"TE/Availability","UNITS/TE/2. Calculations/Capacity-ShiftAvailability.xlsx","CLIENT/DATExx-Whiddon/UNITS/TE/2. Calculations/Capacity-ShiftAvailability.xlsx_PowerQuery.m","Unit","True","Raises M error","16","IMPORT Reconciled Workers | IMPORT Worker's Report | WorkerRoleMappings_DIAGNOSTICS | FacilityAnalysisTABLE | IMPORT Availability Leave Source | ReconciledWorkers_Prepare | AllocationRoleHours_Prepare | AllocationRoleShares | WorkerIdentityFailures_DIAGNOSTICS | WorkerShiftCalendar | ReconciledWorkers_CHECK | ResDayShift_CHECK | IMPORT CentriSyncPaths | UnitL1PathTABLE | FilePath - 2Calculations | FilePath - 1Input","Can block a calculation, but current runner only waits for idle/calculation state"
"TE/Availability","UNITS/TE/2. Calculations/Capacity-ShiftAvailability.xlsx","CLIENT/DATExx-Whiddon/UNITS/TE/2. Calculations/Capacity-ShiftAvailability.xlsx_PowerQuery.m","FilePath - 2Calculations","True","Raises M error","1","IMPORT Availability Settings","Can block a calculation, but current runner only waits for idle/calculation state"
"TE/Availability","UNITS/TE/2. Calculations/Capacity-ShiftAvailability.xlsx","CLIENT/DATExx-Whiddon/UNITS/TE/2. Calculations/Capacity-ShiftAvailability.xlsx_PowerQuery.m","FilePath - 1Input","True","Raises M error","4","IMPORT AllocationExtracted | IMPORT Reconciled Workers | IMPORT Worker's Report | IMPORT Availability Leave Source","Can block a calculation, but current runner only waits for idle/calculation state"
"TE/Staff","UNITS/TE/2. Calculations/StaffListMaster.xlsx","CLIENT/DATExx-Whiddon/UNITS/TE/2. Calculations/StaffListMaster.xlsx_PowerQuery.m","UnitL1PathTABLE","True","Raises M error; Captures or replaces error; Empty/count short-circuit","2","IMPORT CentriSyncPaths | FilePath-2Calculations","Can block a calculation, but current runner only waits for idle/calculation state"
"TE/Staff","UNITS/TE/2. Calculations/StaffListMaster.xlsx","CLIENT/DATExx-Whiddon/UNITS/TE/2. Calculations/StaffListMaster.xlsx_PowerQuery.m","StaffListText","True","Captures or replaces error","4","FilePath-2Calculations | StaffList WorkerContracts | EXTRACT Allocation Staff With Code | EXTRACT Availability Staff List","Can convert a calculation error into data, null, fallback, warning, or empty output"
"TE/Staff","UNITS/TE/2. Calculations/StaffListMaster.xlsx","CLIENT/DATExx-Whiddon/UNITS/TE/2. Calculations/StaffListMaster.xlsx_PowerQuery.m","StaffListCheckResult","True","Named check or diagnostic; Captures or replaces error","2","StaffListText | ResourceContract_CHECK","Can convert a calculation error into data, null, fallback, warning, or empty output"
"TE/Staff","UNITS/TE/2. Calculations/StaffListMaster.xlsx","CLIENT/DATExx-Whiddon/UNITS/TE/2. Calculations/StaffListMaster.xlsx_PowerQuery.m","Masterlist","True","Raises M error; Empty/count short-circuit","4","StaffListCheckResult | Masterlist Join | Masterlist_Base | Misaligned Allocation Availability Names","Can block a calculation, but current runner only waits for idle/calculation state"
"TE/Staff","UNITS/TE/2. Calculations/StaffListMaster.xlsx","CLIENT/DATExx-Whiddon/UNITS/TE/2. Calculations/StaffListMaster.xlsx_PowerQuery.m","ResourceContract_CHECK","True","Named check or diagnostic; Empty/count short-circuit","2","Masterlist | ResourceContract","Can publish an empty or alternate result without a runner-visible failure"
"TE/Staff","UNITS/TE/2. Calculations/StaffListMaster.xlsx","CLIENT/DATExx-Whiddon/UNITS/TE/2. Calculations/StaffListMaster.xlsx_PowerQuery.m","IMPORT StaffList Worker's Report","True","Raises M error; Empty/count short-circuit","1","StaffList WorkerContracts","Can block a calculation, but current runner only waits for idle/calculation state"
"TE/Staff","UNITS/TE/2. Calculations/StaffListMaster.xlsx","CLIENT/DATExx-Whiddon/UNITS/TE/2. Calculations/StaffListMaster.xlsx_PowerQuery.m","StaffList WorkerContracts","True","Captures or replaces error","1","AllocationTable_StaffList","Can convert a calculation error into data, null, fallback, warning, or empty output"
"TE/Staff","UNITS/TE/2. Calculations/StaffListMaster.xlsx","CLIENT/DATExx-Whiddon/UNITS/TE/2. Calculations/StaffListMaster.xlsx_PowerQuery.m","EXTRACT Allocation Staff With Code","True","Raises M error; Empty/count short-circuit","1","AllocationTable_StaffList","Can block a calculation, but current runner only waits for idle/calculation state"
"TE/Staff","UNITS/TE/2. Calculations/StaffListMaster.xlsx","CLIENT/DATExx-Whiddon/UNITS/TE/2. Calculations/StaffListMaster.xlsx_PowerQuery.m","EXTRACT Availability Staff List","True","Raises M error; Empty/count short-circuit","2","ResourceContract_CHECK | AvailableStaffListInitial","Can block a calculation, but current runner only waits for idle/calculation state"
"TE/Staff","UNITS/TE/2. Calculations/StaffListMaster.xlsx","CLIENT/DATExx-Whiddon/UNITS/TE/2. Calculations/StaffListMaster.xlsx_PowerQuery.m","EXTRACT StaffList ShiftDuration","True","Raises M error; Empty/count short-circuit","2","ResourceContract | ResourceContract_CHECK","Can block a calculation, but current runner only waits for idle/calculation state"
"TE/Staff","UNITS/TE/2. Calculations/StaffListMaster.xlsx","CLIENT/DATExx-Whiddon/UNITS/TE/2. Calculations/StaffListMaster.xlsx_PowerQuery.m","EXTRACT StaffList RosterDates","True","Raises M error; Empty/count short-circuit","2","ResourceContract | ResourceContract_CHECK","Can block a calculation, but current runner only waits for idle/calculation state"
"TE/Staff","UNITS/TE/2. Calculations/StaffListMaster.xlsx","CLIENT/DATExx-Whiddon/UNITS/TE/2. Calculations/StaffListMaster.xlsx_PowerQuery.m","EXTRACT StaffList MaxAvailability","True","Raises M error; Empty/count short-circuit","2","ResourceContract | ResourceContract_CHECK","Can block a calculation, but current runner only waits for idle/calculation state"
"TE/Staff","UNITS/TE/2. Calculations/StaffListMaster.xlsx","CLIENT/DATExx-Whiddon/UNITS/TE/2. Calculations/StaffListMaster.xlsx_PowerQuery.m","FilePath-1Input","True","Raises M error","2","IMPORT StaffList Worker's Report | IMPORT Allocation Extracted","Can block a calculation, but current runner only waits for idle/calculation state"
"TE/Intervals","UNITS/TE/2. Calculations/Intervals.xlsx","CLIENT/DATExx-Whiddon/UNITS/TE/2. Calculations/Intervals.xlsx_PowerQuery.m","UnitL1PathTABLE","True","Raises M error; Captures or replaces error; Empty/count short-circuit","2","FilePath-2Calculations | FilePath-1Input","Can block a calculation, but current runner only waits for idle/calculation state"
"TE/DemandIntervals","UNITS/TE/2. Calculations/DemandIntervals.xlsx","CLIENT/DATExx-Whiddon/UNITS/TE/2. Calculations/DemandIntervals.xlsx_PowerQuery.m","UnitL1PathTABLE","True","Raises M error; Captures or replaces error; Empty/count short-circuit","1","FilePath","Can block a calculation, but current runner only waits for idle/calculation state"
"TE/DemandIntervals","UNITS/TE/2. Calculations/DemandIntervals.xlsx","CLIENT/DATExx-Whiddon/UNITS/TE/2. Calculations/DemandIntervals.xlsx_PowerQuery.m","Table_ShiftDemandHRSCheck","True","Named check or diagnostic","0","","Not demanded by another source query; runner cannot assume it executed or inspect its result"
"TE/DemandIntervals","UNITS/TE/2. Calculations/DemandIntervals.xlsx","CLIENT/DATExx-Whiddon/UNITS/TE/2. Calculations/DemandIntervals.xlsx_PowerQuery.m","ShiftDemandUnitINTERVALCheck","True","Named check or diagnostic","0","","Not demanded by another source query; runner cannot assume it executed or inspect its result"
"TE/Demand","UNITS/TE/2. Calculations/Demand.xlsx","CLIENT/DATExx-Whiddon/UNITS/TE/2. Calculations/Demand.xlsx_PowerQuery.m","UnitL1PathTABLE","True","Raises M error; Captures or replaces error; Empty/count short-circuit","2","Folder-2Calculations | Folder-1Input","Can block a calculation, but current runner only waits for idle/calculation state"
"TE/Demand","UNITS/TE/2. Calculations/Demand.xlsx","CLIENT/DATExx-Whiddon/UNITS/TE/2. Calculations/Demand.xlsx_PowerQuery.m","Table_ShiftDemandUnitINTERVALCheck","True","Named check or diagnostic","0","","Not demanded by another source query; runner cannot assume it executed or inspect its result"
"TE/Demand","UNITS/TE/2. Calculations/Demand.xlsx","CLIENT/DATExx-Whiddon/UNITS/TE/2. Calculations/Demand.xlsx_PowerQuery.m","ShiftDemandHCAverageCheck","True","Named check or diagnostic","0","","Not demanded by another source query; runner cannot assume it executed or inspect its result"
"TE/Demand","UNITS/TE/2. Calculations/Demand.xlsx","CLIENT/DATExx-Whiddon/UNITS/TE/2. Calculations/Demand.xlsx_PowerQuery.m","CareDemandHRSWeeklyCheck","True","Named check or diagnostic","1","Table_ShiftDemandUnitINTERVALCheck","Diagnostic result is not interpreted by the runner"
"TE/Shifts","UNITS/TE/2. Calculations/Shifts.xlsx","CLIENT/DATExx-Whiddon/UNITS/TE/2. Calculations/Shifts.xlsx_PowerQuery.m","UnitL1PathTABLE","True","Raises M error; Captures or replaces error; Empty/count short-circuit","2","FilePath - 2Calculations | FilePath - 1Input","Can block a calculation, but current runner only waits for idle/calculation state"
"TE/ShiftAverage","UNITS/TE/2. Calculations/AllocationByShiftAverage.xlsx","CLIENT/DATExx-Whiddon/UNITS/TE/2. Calculations/AllocationByShiftAverage.xlsx_PowerQuery.m","UnitL1PathTABLE","True","Raises M error; Captures or replaces error; Empty/count short-circuit","1","FilePath","Can block a calculation, but current runner only waits for idle/calculation state"
"TE/ShiftAverage","UNITS/TE/2. Calculations/AllocationByShiftAverage.xlsx","CLIENT/DATExx-Whiddon/UNITS/TE/2. Calculations/AllocationByShiftAverage.xlsx_PowerQuery.m","RoleShiftAllocation","True","Raises M error; Empty/count short-circuit","2","RoleShiftAllocation_Calculated | RoleShiftIntervalAllocation","Can block a calculation, but current runner only waits for idle/calculation state"
"TE/ShiftAverage","UNITS/TE/2. Calculations/AllocationByShiftAverage.xlsx","CLIENT/DATExx-Whiddon/UNITS/TE/2. Calculations/AllocationByShiftAverage.xlsx_PowerQuery.m","RoleShiftAllocation_CHECK","True","Named check or diagnostic; Captures or replaces error","2","RoleShiftAllocation | RoleShiftIntervalAllocation","Can convert a calculation error into data, null, fallback, warning, or empty output"
"TE/Allocation","UNITS/TE/2. Calculations/Allocation.xlsx","CLIENT/DATExx-Whiddon/UNITS/TE/2. Calculations/Allocation.xlsx_PowerQuery.m","UnitL1PathTABLE","True","Raises M error; Captures or replaces error; Empty/count short-circuit","2","FilePath - 2Calculations | FilePath - 1Input","Can block a calculation, but current runner only waits for idle/calculation state"
"TE/Distribution","UNITS/TE/2. Calculations/Shift-StaffDistribution.xlsx","CLIENT/DATExx-Whiddon/UNITS/TE/2. Calculations/Shift-StaffDistribution.xlsx_PowerQuery.m","UnitL1PathTABLE","True","Raises M error; Captures or replaces error; Empty/count short-circuit","1","Folder-2Calculations","Can block a calculation, but current runner only waits for idle/calculation state"
"TE/MultiRole","UNITS/TE/2. Calculations/MutliRoleCheck.xlsx","CLIENT/DATExx-Whiddon/UNITS/TE/2. Calculations/MutliRoleCheck.xlsx_PowerQuery.m","UnitL1PathTABLE","True","Raises M error; Captures or replaces error; Empty/count short-circuit","1","FilePath","Can block a calculation, but current runner only waits for idle/calculation state"
"TE/Role:AIN/1","UNITS/TE/2. Calculations/AIN/CapacityDistrib(A.1)-shifts.xlsx","CLIENT/DATExx-Whiddon/UNITS/TE/2. Calculations/AIN/CapacityDistrib(A.1)-shifts.xlsx_PowerQuery.m","Demand Source Prepare","True","Raises M error; Empty/count short-circuit","1","IMPORT ShiftUnitDemandHRS !!","Can block a calculation, but current runner only waits for idle/calculation state"
"TE/Role:AIN/1","UNITS/TE/2. Calculations/AIN/CapacityDistrib(A.1)-shifts.xlsx","CLIENT/DATExx-Whiddon/UNITS/TE/2. Calculations/AIN/CapacityDistrib(A.1)-shifts.xlsx_PowerQuery.m","Masterlist Prepare","True","Raises M error; Empty/count short-circuit","1","IMPORT Masterlist !!","Can block a calculation, but current runner only waits for idle/calculation state"
"TE/Role:AIN/1","UNITS/TE/2. Calculations/AIN/CapacityDistrib(A.1)-shifts.xlsx","CLIENT/DATExx-Whiddon/UNITS/TE/2. Calculations/AIN/CapacityDistrib(A.1)-shifts.xlsx_PowerQuery.m","A1CheckResult","True","Named check or diagnostic; Captures or replaces error","4","IMPORT Masterlist !! | A1ResourceIdentity_CHECK | A1ResourceContract_CHECK | A1ClusterLookup_CHECK","Can convert a calculation error into data, null, fallback, warning, or empty output"
"TE/Role:AIN/1","UNITS/TE/2. Calculations/AIN/CapacityDistrib(A.1)-shifts.xlsx","CLIENT/DATExx-Whiddon/UNITS/TE/2. Calculations/AIN/CapacityDistrib(A.1)-shifts.xlsx_PowerQuery.m","ResDayShift Prepare","True","Raises M error; Empty/count short-circuit","1","IMPORT ResDayShift !!","Can block a calculation, but current runner only waits for idle/calculation state"
"TE/Role:AIN/1","UNITS/TE/2. Calculations/AIN/CapacityDistrib(A.1)-shifts.xlsx","CLIENT/DATExx-Whiddon/UNITS/TE/2. Calculations/AIN/CapacityDistrib(A.1)-shifts.xlsx_PowerQuery.m","ResourceShiftAllocation Prepare","True","Raises M error; Empty/count short-circuit","1","IMPORT ResourceShiftAllocation - Role!!","Can block a calculation, but current runner only waits for idle/calculation state"
"TE/Role:AIN/1","UNITS/TE/2. Calculations/AIN/CapacityDistrib(A.1)-shifts.xlsx","CLIENT/DATExx-Whiddon/UNITS/TE/2. Calculations/AIN/CapacityDistrib(A.1)-shifts.xlsx_PowerQuery.m","A1ResourceIdentity_CHECK","True","Named check or diagnostic","4","Resources | ResPeriodAvailabilityTABLE !! | ResPeriodAllocationCHECK | ResAv-C'","Diagnostic result is not interpreted by the runner"
"TE/Role:AIN/1","UNITS/TE/2. Calculations/AIN/CapacityDistrib(A.1)-shifts.xlsx","CLIENT/DATExx-Whiddon/UNITS/TE/2. Calculations/AIN/CapacityDistrib(A.1)-shifts.xlsx_PowerQuery.m","ResPeriodAvailabilityTABLE !!","True","Raises M error; Empty/count short-circuit","8","ResDayPeriodAvailabilityTABLE | ResPeriodAvailabilitySUM | PeriodC' | AppliedAllocation+ActiveDays | UnavailableAllocated | SingleShiftDayAvail+MultiAllocation B | C' ResSingleShiftDayTABLE | PeriodCapacityTABLE","Can block a calculation, but current runner only waits for idle/calculation state"
"TE/Role:AIN/1","UNITS/TE/2. Calculations/AIN/CapacityDistrib(A.1)-shifts.xlsx","CLIENT/DATExx-Whiddon/UNITS/TE/2. Calculations/AIN/CapacityDistrib(A.1)-shifts.xlsx_PowerQuery.m","ResPeriodAllocationCHECK","True","Named check or diagnostic; Raises M error; Empty/count short-circuit","2","ResPeriodAvailabilitySUM | ResPeriodAllocation-B","Can block a calculation, but current runner only waits for idle/calculation state"
"TE/Role:AIN/1","UNITS/TE/2. Calculations/AIN/CapacityDistrib(A.1)-shifts.xlsx","CLIENT/DATExx-Whiddon/UNITS/TE/2. Calculations/AIN/CapacityDistrib(A.1)-shifts.xlsx_PowerQuery.m","PeriodC'-D","True","Captures or replaces error","1","PeriodC'-DPos (ExcessPot)","Can convert a calculation error into data, null, fallback, warning, or empty output"
"TE/Role:AIN/1","UNITS/TE/2. Calculations/AIN/CapacityDistrib(A.1)-shifts.xlsx","CLIENT/DATExx-Whiddon/UNITS/TE/2. Calculations/AIN/CapacityDistrib(A.1)-shifts.xlsx_PowerQuery.m","A1ResourceContract_CHECK","True","Named check or diagnostic; Captures or replaces error","2","ResC' | ResAv-C'","Can convert a calculation error into data, null, fallback, warning, or empty output"
"TE/Role:AIN/1","UNITS/TE/2. Calculations/AIN/CapacityDistrib(A.1)-shifts.xlsx","CLIENT/DATExx-Whiddon/UNITS/TE/2. Calculations/AIN/CapacityDistrib(A.1)-shifts.xlsx_PowerQuery.m","ResAv-C'","True","Raises M error; Empty/count short-circuit","1","ResPeriod(ExcessPot)SpareAvailabilityTABLE","Can block a calculation, but current runner only waits for idle/calculation state"
"TE/Role:AIN/1","UNITS/TE/2. Calculations/AIN/CapacityDistrib(A.1)-shifts.xlsx","CLIENT/DATExx-Whiddon/UNITS/TE/2. Calculations/AIN/CapacityDistrib(A.1)-shifts.xlsx_PowerQuery.m","A1ClusterLookup_CHECK","True","Named check or diagnostic","2","ClusterIDStart+End | Clusters","Diagnostic result is not interpreted by the runner"
"TE/Role:AIN/1","UNITS/TE/2. Calculations/AIN/CapacityDistrib(A.1)-shifts.xlsx","CLIENT/DATExx-Whiddon/UNITS/TE/2. Calculations/AIN/CapacityDistrib(A.1)-shifts.xlsx_PowerQuery.m","Clusters","True","Raises M error; Empty/count short-circuit","5","AllocationCode | ClusterIDStart | A1ClusterLookup_CHECK | ClusterAllocation | WD Type","Can block a calculation, but current runner only waits for idle/calculation state"
"TE/Role:AIN/1","UNITS/TE/2. Calculations/AIN/CapacityDistrib(A.1)-shifts.xlsx","CLIENT/DATExx-Whiddon/UNITS/TE/2. Calculations/AIN/CapacityDistrib(A.1)-shifts.xlsx_PowerQuery.m","RolePathTABLE","True","Raises M error; Captures or replaces error; Empty/count short-circuit","3","PeriodC'SUM | RolePath | Role","Can block a calculation, but current runner only waits for idle/calculation state"
"TE/Role:AIN/1","UNITS/TE/2. Calculations/AIN/CapacityDistrib(A.1)-shifts.xlsx","CLIENT/DATExx-Whiddon/UNITS/TE/2. Calculations/AIN/CapacityDistrib(A.1)-shifts.xlsx_PowerQuery.m","PermutationDimensions Prepare","True","Raises M error; Empty/count short-circuit","1","PeriodShiftDay B","Can block a calculation, but current runner only waits for idle/calculation state"
"TE/Role:AIN/1","UNITS/TE/2. Calculations/AIN/CapacityDistrib(A.1)-shifts.xlsx","CLIENT/DATExx-Whiddon/UNITS/TE/2. Calculations/AIN/CapacityDistrib(A.1)-shifts.xlsx_PowerQuery.m","EXTRACT Date_From","True","Raises M error; Empty/count short-circuit","1","ResPeriodAllocationCHECK","Can block a calculation, but current runner only waits for idle/calculation state"
"TE/Role:AIN/1","UNITS/TE/2. Calculations/AIN/CapacityDistrib(A.1)-shifts.xlsx","CLIENT/DATExx-Whiddon/UNITS/TE/2. Calculations/AIN/CapacityDistrib(A.1)-shifts.xlsx_PowerQuery.m","EXTRACT MaxAvailability","True","Raises M error; Empty/count short-circuit","0","","Can block a calculation, but current runner only waits for idle/calculation state"
"TE/Role:AIN/2","UNITS/TE/2. Calculations/AIN/CapacityDistrib(A.2)-shifts.xlsx","CLIENT/DATExx-Whiddon/UNITS/TE/2. Calculations/AIN/CapacityDistrib(A.2)-shifts.xlsx_PowerQuery.m","CheckCap","True","Named check or diagnostic","0","","Not demanded by another source query; runner cannot assume it executed or inspect its result"
"TE/Role:AIN/2","UNITS/TE/2. Calculations/AIN/CapacityDistrib(A.2)-shifts.xlsx","CLIENT/DATExx-Whiddon/UNITS/TE/2. Calculations/AIN/CapacityDistrib(A.2)-shifts.xlsx_PowerQuery.m","RolePathTABLE","True","Raises M error; Captures or replaces error; Empty/count short-circuit","2","ResPeriodAvailabilityCappedMATRIXSUM | RolePath","Can block a calculation, but current runner only waits for idle/calculation state"
"TE/Role:AIN/3","UNITS/TE/2. Calculations/AIN/CapacityDistrib(B)-shifts.xlsx","CLIENT/DATExx-Whiddon/UNITS/TE/2. Calculations/AIN/CapacityDistrib(B)-shifts.xlsx_PowerQuery.m","fnAddIndexedRunningTotal","True","Raises M error; Captures or replaces error; Empty/count short-circuit","4","ReDistributeResAvailability | ReDistribPeriodAvailbility TABLE | SubtractOverallatedPeriods | SubtractOverallocatedResources","Can block a calculation, but current runner only waits for idle/calculation state"
"TE/Role:AIN/3","UNITS/TE/2. Calculations/AIN/CapacityDistrib(B)-shifts.xlsx","CLIENT/DATExx-Whiddon/UNITS/TE/2. Calculations/AIN/CapacityDistrib(B)-shifts.xlsx_PowerQuery.m","CheckReAllocation","True","Named check or diagnostic","0","","Not demanded by another source query; runner cannot assume it executed or inspect its result"
"TE/Role:AIN/3","UNITS/TE/2. Calculations/AIN/CapacityDistrib(B)-shifts.xlsx","CLIENT/DATExx-Whiddon/UNITS/TE/2. Calculations/AIN/CapacityDistrib(B)-shifts.xlsx_PowerQuery.m","ResRosterAvailabilityC##CapReduction","True","Raises M error","2","ResIndex-Steup | ResPeriodMaxC##Reduction","Can block a calculation, but current runner only waits for idle/calculation state"
"TE/Role:AIN/3","UNITS/TE/2. Calculations/AIN/CapacityDistrib(B)-shifts.xlsx","CLIENT/DATExx-Whiddon/UNITS/TE/2. Calculations/AIN/CapacityDistrib(B)-shifts.xlsx_PowerQuery.m","IMPORT ResourceContract","True","Raises M error; Empty/count short-circuit","2","BResourceContract_CHECK | BResourceContract","Can block a calculation, but current runner only waits for idle/calculation state"
"TE/Role:AIN/3","UNITS/TE/2. Calculations/AIN/CapacityDistrib(B)-shifts.xlsx","CLIENT/DATExx-Whiddon/UNITS/TE/2. Calculations/AIN/CapacityDistrib(B)-shifts.xlsx_PowerQuery.m","BResourceContract_CHECK","True","Named check or diagnostic","3","IMPORT ResourceContract | BResourceContract | C###TABLE B","Diagnostic result is not interpreted by the runner"
"TE/Role:AIN/3","UNITS/TE/2. Calculations/AIN/CapacityDistrib(B)-shifts.xlsx","CLIENT/DATExx-Whiddon/UNITS/TE/2. Calculations/AIN/CapacityDistrib(B)-shifts.xlsx_PowerQuery.m","BResourceContract","True","Raises M error; Empty/count short-circuit","5","ResRosterAvailabilityC##CapReduction | IMPORT ResourceContract | BResourceContract_CHECK | ResRosterAvailabilityCapReduction | ResMaxAvailability","Can block a calculation, but current runner only waits for idle/calculation state"
"TE/Role:AIN/3","UNITS/TE/2. Calculations/AIN/CapacityDistrib(B)-shifts.xlsx","CLIENT/DATExx-Whiddon/UNITS/TE/2. Calculations/AIN/CapacityDistrib(B)-shifts.xlsx_PowerQuery.m","ResRosterAvailabilityCapReduction","True","Raises M error","2","ResMaxReduction (C# Unassigned) | ResPeriodOverallocationReduction","Can block a calculation, but current runner only waits for idle/calculation state"
"TE/Role:AIN/3","UNITS/TE/2. Calculations/AIN/CapacityDistrib(B)-shifts.xlsx","CLIENT/DATExx-Whiddon/UNITS/TE/2. Calculations/AIN/CapacityDistrib(B)-shifts.xlsx_PowerQuery.m","CapacityDistribB_INPUT_CHECK","True","Named check or diagnostic","2","ResPeriodAvailabilityTABLE | C###TABLE B","Diagnostic result is not interpreted by the runner"
"TE/Role:AIN/3","UNITS/TE/2. Calculations/AIN/CapacityDistrib(B)-shifts.xlsx","CLIENT/DATExx-Whiddon/UNITS/TE/2. Calculations/AIN/CapacityDistrib(B)-shifts.xlsx_PowerQuery.m","CapacityDistribB_AVAILABILITY_LINEAGE_CHECK","True","Named check or diagnostic; Empty/count short-circuit","2","CapacityDistribB_INPUT_CHECK | C###TABLE B","Can publish an empty or alternate result without a runner-visible failure"
"TE/Role:AIN/3","UNITS/TE/2. Calculations/AIN/CapacityDistrib(B)-shifts.xlsx","CLIENT/DATExx-Whiddon/UNITS/TE/2. Calculations/AIN/CapacityDistrib(B)-shifts.xlsx_PowerQuery.m","ReduceCheck","True","Named check or diagnostic","0","","Not demanded by another source query; runner cannot assume it executed or inspect its result"
"TE/Role:AIN/3","UNITS/TE/2. Calculations/AIN/CapacityDistrib(B)-shifts.xlsx","CLIENT/DATExx-Whiddon/UNITS/TE/2. Calculations/AIN/CapacityDistrib(B)-shifts.xlsx_PowerQuery.m","ResMaxAvailability","True","Raises M error","1","C###TABLE B","Can block a calculation, but current runner only waits for idle/calculation state"
"TE/Role:AIN/3","UNITS/TE/2. Calculations/AIN/CapacityDistrib(B)-shifts.xlsx","CLIENT/DATExx-Whiddon/UNITS/TE/2. Calculations/AIN/CapacityDistrib(B)-shifts.xlsx_PowerQuery.m","C###TABLE B","True","Raises M error; Empty/count short-circuit","2","C###SUM | C###MATRIX","Can block a calculation, but current runner only waits for idle/calculation state"
"TE/Role:AIN/3","UNITS/TE/2. Calculations/AIN/CapacityDistrib(B)-shifts.xlsx","CLIENT/DATExx-Whiddon/UNITS/TE/2. Calculations/AIN/CapacityDistrib(B)-shifts.xlsx_PowerQuery.m","RolePathTABLE","True","Raises M error; Captures or replaces error; Empty/count short-circuit","3","Role | ResPeriodAllocationMATRIX | RolePath","Can block a calculation, but current runner only waits for idle/calculation state"
"TE/Capacity","UNITS/TE/2. Calculations/Capacity.xlsx","CLIENT/DATExx-Whiddon/UNITS/TE/2. Calculations/Capacity.xlsx_PowerQuery.m","UnitL1PathTABLE","True","Raises M error; Captures or replaces error; Empty/count short-circuit","2","Facility | Unit1Path","Can block a calculation, but current runner only waits for idle/calculation state"
"TE/Effort","UNITS/TE/2. Calculations/Effort.xlsx","CLIENT/DATExx-Whiddon/UNITS/TE/2. Calculations/Effort.xlsx_PowerQuery.m","IMPORT CentriSyncPaths","True","Raises M error; Empty/count short-circuit","2","CentriSyncPaths | UnitL1PathTABLE","Can block a calculation, but current runner only waits for idle/calculation state"
"TE/Effort","UNITS/TE/2. Calculations/Effort.xlsx","CLIENT/DATExx-Whiddon/UNITS/TE/2. Calculations/Effort.xlsx_PowerQuery.m","AllocationContractHours_Prepare","True","Captures or replaces error","3","ResShiftAllocation | ResourceContractOverage_Prepare | ResourceContractOverage_CHECK","Can convert a calculation error into data, null, fallback, warning, or empty output"
"TE/Effort","UNITS/TE/2. Calculations/Effort.xlsx","CLIENT/DATExx-Whiddon/UNITS/TE/2. Calculations/Effort.xlsx_PowerQuery.m","EffortText","True","Captures or replaces error","2","AllocationContractHours_Prepare | EXTRACT Table_Masterlist","Can convert a calculation error into data, null, fallback, warning, or empty output"
"TE/Effort","UNITS/TE/2. Calculations/Effort.xlsx","CLIENT/DATExx-Whiddon/UNITS/TE/2. Calculations/Effort.xlsx_PowerQuery.m","EffortCheckResult","True","Named check or diagnostic; Captures or replaces error","2","EffortText | ResourceContractOverage_CHECK","Can convert a calculation error into data, null, fallback, warning, or empty output"
"TE/Effort","UNITS/TE/2. Calculations/Effort.xlsx","CLIENT/DATExx-Whiddon/UNITS/TE/2. Calculations/Effort.xlsx_PowerQuery.m","FilePath-1Input","True","Raises M error","1","IMPORT AllocationExtracted","Can block a calculation, but current runner only waits for idle/calculation state"
"TE/Effort","UNITS/TE/2. Calculations/Effort.xlsx","CLIENT/DATExx-Whiddon/UNITS/TE/2. Calculations/Effort.xlsx_PowerQuery.m","ResourceContractOverage_CHECK","True","Named check or diagnostic; Empty/count short-circuit","1","ResourceContractOverage_Prepare","Can publish an empty or alternate result without a runner-visible failure"
"TE/Effort","UNITS/TE/2. Calculations/Effort.xlsx","CLIENT/DATExx-Whiddon/UNITS/TE/2. Calculations/Effort.xlsx_PowerQuery.m","UnitL1PathTABLE","True","Raises M error; Captures or replaces error; Empty/count short-circuit","4","FilePath-1Input | ResourceContractOverage_CHECK | Unit1Path | Unit","Can block a calculation, but current runner only waits for idle/calculation state"
"TE/Effort","UNITS/TE/2. Calculations/Effort.xlsx","CLIENT/DATExx-Whiddon/UNITS/TE/2. Calculations/Effort.xlsx_PowerQuery.m","IMPORT AllocationExtracted","True","Raises M error; Empty/count short-circuit","1","AllocationContractHours_Prepare","Can block a calculation, but current runner only waits for idle/calculation state"
"TE/Effort","UNITS/TE/2. Calculations/Effort.xlsx","CLIENT/DATExx-Whiddon/UNITS/TE/2. Calculations/Effort.xlsx_PowerQuery.m","EXTRACT Effort ShiftDuration","True","Raises M error; Empty/count short-circuit","2","ResourceContractOverage_Prepare | ResourceContractOverage_CHECK","Can block a calculation, but current runner only waits for idle/calculation state"
"TE/Effort","UNITS/TE/2. Calculations/Effort.xlsx","CLIENT/DATExx-Whiddon/UNITS/TE/2. Calculations/Effort.xlsx_PowerQuery.m","EXTRACT Effort RosterDates","True","Raises M error","2","AllocationContractHours_Prepare | ResourceContractOverage_CHECK","Can block a calculation, but current runner only waits for idle/calculation state"
"TE/Effort","UNITS/TE/2. Calculations/Effort.xlsx","CLIENT/DATExx-Whiddon/UNITS/TE/2. Calculations/Effort.xlsx_PowerQuery.m","EXTRACT Table_Masterlist","True","Raises M error; Empty/count short-circuit","2","ResShiftAllocation | AINContractResources_Prepare","Can block a calculation, but current runner only waits for idle/calculation state"
"JH-RY/Availability","UNITS/JH-RY/2. Calculations/Capacity-ShiftAvailability.xlsx","CLIENT/DATExx-Whiddon/UNITS/JH-RY/2. Calculations/Capacity-ShiftAvailability.xlsx_PowerQuery.m","IMPORT AllocationExtracted","True","Raises M error; Empty/count short-circuit","1","AllocationRoleHours_Prepare","Can block a calculation, but current runner only waits for idle/calculation state"
"JH-RY/Availability","UNITS/JH-RY/2. Calculations/Capacity-ShiftAvailability.xlsx","CLIENT/DATExx-Whiddon/UNITS/JH-RY/2. Calculations/Capacity-ShiftAvailability.xlsx_PowerQuery.m","AvailabilityText","True","Captures or replaces error","8","IMPORT AllocationExtracted | IMPORT Reconciled Workers | WorkerRoleKey | WorkerRoleMappings_Prepare | IMPORT Availability Leave Source | WorkerContracts_Prepare | AvailabilityRecordKind | AvailabilityRecords","Can convert a calculation error into data, null, fallback, warning, or empty output"
"JH-RY/Availability","UNITS/JH-RY/2. Calculations/Capacity-ShiftAvailability.xlsx","CLIENT/DATExx-Whiddon/UNITS/JH-RY/2. Calculations/Capacity-ShiftAvailability.xlsx_PowerQuery.m","IMPORT Reconciled Workers","True","Named check or diagnostic; Raises M error; Empty/count short-circuit","1","ReconciledWorkers_Facility_Prepare","Can block a calculation, but current runner only waits for idle/calculation state"
"JH-RY/Availability","UNITS/JH-RY/2. Calculations/Capacity-ShiftAvailability.xlsx","CLIENT/DATExx-Whiddon/UNITS/JH-RY/2. Calculations/Capacity-ShiftAvailability.xlsx_PowerQuery.m","ReconciledWorkers_Facility_Prepare","True","Named check or diagnostic","3","IMPORT Reconciled Workers | ReconciledWorkers_Prepare | WorkerAvailability_DIAGNOSTICS","Diagnostic result is not interpreted by the runner"
"JH-RY/Availability","UNITS/JH-RY/2. Calculations/Capacity-ShiftAvailability.xlsx","CLIENT/DATExx-Whiddon/UNITS/JH-RY/2. Calculations/Capacity-ShiftAvailability.xlsx_PowerQuery.m","IMPORT Worker's Report","True","Raises M error; Empty/count short-circuit","1","WorkerContracts_Prepare","Can block a calculation, but current runner only waits for idle/calculation state"
"JH-RY/Availability","UNITS/JH-RY/2. Calculations/Capacity-ShiftAvailability.xlsx","CLIENT/DATExx-Whiddon/UNITS/JH-RY/2. Calculations/Capacity-ShiftAvailability.xlsx_PowerQuery.m","WorkerRoleMappings_Prepare","True","Empty/count short-circuit","4","AvailabilityRoleGroups | WorkerRoleMappings_DIAGNOSTICS | ReconciledWorkers_Prepare | ReconciledWorkers_CHECK","Can publish an empty or alternate result without a runner-visible failure"
"JH-RY/Availability","UNITS/JH-RY/2. Calculations/Capacity-ShiftAvailability.xlsx","CLIENT/DATExx-Whiddon/UNITS/JH-RY/2. Calculations/Capacity-ShiftAvailability.xlsx_PowerQuery.m","WorkerRoleMappings_DIAGNOSTICS","True","Named check or diagnostic","2","WorkerRoleMappings_Prepare | Availability-StaffList","Diagnostic result is not interpreted by the runner"
"JH-RY/Availability","UNITS/JH-RY/2. Calculations/Capacity-ShiftAvailability.xlsx","CLIENT/DATExx-Whiddon/UNITS/JH-RY/2. Calculations/Capacity-ShiftAvailability.xlsx_PowerQuery.m","FacilityAnalysisTABLE","True","Raises M error","4","WorkerRoleMappings_DIAGNOSTICS | IMPORT Availability Leave Source | ReconciledWorkers_Prepare | AllocationRoleHours_Prepare","Can block a calculation, but current runner only waits for idle/calculation state"
"JH-RY/Availability","UNITS/JH-RY/2. Calculations/Capacity-ShiftAvailability.xlsx","CLIENT/DATExx-Whiddon/UNITS/JH-RY/2. Calculations/Capacity-ShiftAvailability.xlsx_PowerQuery.m","WorkerContracts_Prepare","True","Captures or replaces error","2","IMPORT Availability Leave Source | ReconciledWorkers_Prepare","Can convert a calculation error into data, null, fallback, warning, or empty output"
"JH-RY/Availability","UNITS/JH-RY/2. Calculations/Capacity-ShiftAvailability.xlsx","CLIENT/DATExx-Whiddon/UNITS/JH-RY/2. Calculations/Capacity-ShiftAvailability.xlsx_PowerQuery.m","EXTRACT EffectiveShiftHrs","True","Raises M error","3","WorkerLeaveDays | ResDayShift_Calculated | ResDayShift_CHECK","Can block a calculation, but current runner only waits for idle/calculation state"
"JH-RY/Availability","UNITS/JH-RY/2. Calculations/Capacity-ShiftAvailability.xlsx","CLIENT/DATExx-Whiddon/UNITS/JH-RY/2. Calculations/Capacity-ShiftAvailability.xlsx_PowerQuery.m","EXTRACT MaxAvailability","True","Raises M error","1","RoleResDayAvailabilityCapped","Can block a calculation, but current runner only waits for idle/calculation state"
"JH-RY/Availability","UNITS/JH-RY/2. Calculations/Capacity-ShiftAvailability.xlsx","CLIENT/DATExx-Whiddon/UNITS/JH-RY/2. Calculations/Capacity-ShiftAvailability.xlsx_PowerQuery.m","AvailabilityDailyWindows","True","Empty/count short-circuit","3","AvailabilityRecordKind | WorkerAvailabilityRules | AvailabilityRules_TEST","Can publish an empty or alternate result without a runner-visible failure"
"JH-RY/Availability","UNITS/JH-RY/2. Calculations/Capacity-ShiftAvailability.xlsx","CLIENT/DATExx-Whiddon/UNITS/JH-RY/2. Calculations/Capacity-ShiftAvailability.xlsx_PowerQuery.m","AvailabilityRecords","True","Captures or replaces error","4","AvailabilityLeaveDayTotals | AvailabilityRecords_Invalid | AvailabilityReasons_DIAGNOSTICS | AvailabilityEligibleRecords","Can convert a calculation error into data, null, fallback, warning, or empty output"
"JH-RY/Availability","UNITS/JH-RY/2. Calculations/Capacity-ShiftAvailability.xlsx","CLIENT/DATExx-Whiddon/UNITS/JH-RY/2. Calculations/Capacity-ShiftAvailability.xlsx_PowerQuery.m","ReconciledWorkers_Prepare","True","Named check or diagnostic; Raises M error; Empty/count short-circuit","7","AvailabilityRecords | ReconciledWorkers_Eligible | WorkerIdentityFailures_DIAGNOSTICS | WorkerAvailability_DIAGNOSTICS | ResDayShift_Calculated | WorkerRolePipeline_DIAGNOSTICS | ReconciledWorkers_CHECK","Can block a calculation, but current runner only waits for idle/calculation state"
"JH-RY/Availability","UNITS/JH-RY/2. Calculations/Capacity-ShiftAvailability.xlsx","CLIENT/DATExx-Whiddon/UNITS/JH-RY/2. Calculations/Capacity-ShiftAvailability.xlsx_PowerQuery.m","AllocationRoleHours_Prepare","True","Raises M error; Captures or replaces error; Empty/count short-circuit","2","ReconciledWorkers_Prepare | AllocationRoleShares","Can block a calculation, but current runner only waits for idle/calculation state"
"JH-RY/Availability","UNITS/JH-RY/2. Calculations/Capacity-ShiftAvailability.xlsx","CLIENT/DATExx-Whiddon/UNITS/JH-RY/2. Calculations/Capacity-ShiftAvailability.xlsx_PowerQuery.m","AllocationRoleShares","True","Raises M error; Empty/count short-circuit","5","AllocationRoleHours_Prepare | ReconciledWorkers_Eligible | AllocationRoleShares_CHECK | MultiRoles | RoleResDayAvailabilityCapped","Can block a calculation, but current runner only waits for idle/calculation state"
"JH-RY/Availability","UNITS/JH-RY/2. Calculations/Capacity-ShiftAvailability.xlsx","CLIENT/DATExx-Whiddon/UNITS/JH-RY/2. Calculations/Capacity-ShiftAvailability.xlsx_PowerQuery.m","ReconciledWorkers_Eligible","True","Named check or diagnostic","8","AllocationRoleShares | WorkerIdentityFailures_DIAGNOSTICS | AvailabilityRecords_Invalid | AvailabilityEligibleRecords | WorkerAvailabilityRules | WorkerRolePipeline_DIAGNOSTICS | ReconciledWorkers_CHECK | Availability-StaffList","Diagnostic result is not interpreted by the runner"
"JH-RY/Availability","UNITS/JH-RY/2. Calculations/Capacity-ShiftAvailability.xlsx","CLIENT/DATExx-Whiddon/UNITS/JH-RY/2. Calculations/Capacity-ShiftAvailability.xlsx_PowerQuery.m","WorkerIdentityFailures_DIAGNOSTICS","True","Named check or diagnostic","2","ReconciledWorkers_Eligible | Availability-StaffList","Diagnostic result is not interpreted by the runner"
"JH-RY/Availability","UNITS/JH-RY/2. Calculations/Capacity-ShiftAvailability.xlsx","CLIENT/DATExx-Whiddon/UNITS/JH-RY/2. Calculations/Capacity-ShiftAvailability.xlsx_PowerQuery.m","WorkerAvailability_DIAGNOSTICS","True","Named check or diagnostic","1","WorkerIdentityFailures_DIAGNOSTICS","Diagnostic result is not interpreted by the runner"
"JH-RY/Availability","UNITS/JH-RY/2. Calculations/Capacity-ShiftAvailability.xlsx","CLIENT/DATExx-Whiddon/UNITS/JH-RY/2. Calculations/Capacity-ShiftAvailability.xlsx_PowerQuery.m","AvailabilityReasons_DIAGNOSTICS","True","Named check or diagnostic","1","AvailabilityRecords_Invalid","Diagnostic result is not interpreted by the runner"
"JH-RY/Availability","UNITS/JH-RY/2. Calculations/Capacity-ShiftAvailability.xlsx","CLIENT/DATExx-Whiddon/UNITS/JH-RY/2. Calculations/Capacity-ShiftAvailability.xlsx_PowerQuery.m","AvailabilityShiftDefinitions","True","Raises M error","2","AvailabilityReasons_DIAGNOSTICS | AvailabilityShiftWindows","Can block a calculation, but current runner only waits for idle/calculation state"
"JH-RY/Availability","UNITS/JH-RY/2. Calculations/Capacity-ShiftAvailability.xlsx","CLIENT/DATExx-Whiddon/UNITS/JH-RY/2. Calculations/Capacity-ShiftAvailability.xlsx_PowerQuery.m","AvailabilityShiftWindows","True","Raises M error","7","AvailabilityShiftDefinitions | AvailabilityEligibleRecords | WorkerAvailabilityRules | WorkerShiftRoleCoverage_DIAGNOSTICS | WorkerShiftCalendar | WorkerRolePipeline_DIAGNOSTICS | ResDayShift_CHECK","Can block a calculation, but current runner only waits for idle/calculation state"
"JH-RY/Availability","UNITS/JH-RY/2. Calculations/Capacity-ShiftAvailability.xlsx","CLIENT/DATExx-Whiddon/UNITS/JH-RY/2. Calculations/Capacity-ShiftAvailability.xlsx_PowerQuery.m","WorkerShiftRoleCoverage_DIAGNOSTICS","True","Named check or diagnostic","3","WorkerAvailabilityRules | WorkerShiftCalendar | ResDayShift_CHECK","Diagnostic result is not interpreted by the runner"
"JH-RY/Availability","UNITS/JH-RY/2. Calculations/Capacity-ShiftAvailability.xlsx","CLIENT/DATExx-Whiddon/UNITS/JH-RY/2. Calculations/Capacity-ShiftAvailability.xlsx_PowerQuery.m","WorkerShiftCalendar","True","Raises M error; Empty/count short-circuit","2","WorkerShiftRoleCoverage_DIAGNOSTICS | WorkerShiftDayAssessment","Can block a calculation, but current runner only waits for idle/calculation state"
"JH-RY/Availability","UNITS/JH-RY/2. Calculations/Capacity-ShiftAvailability.xlsx","CLIENT/DATExx-Whiddon/UNITS/JH-RY/2. Calculations/Capacity-ShiftAvailability.xlsx_PowerQuery.m","WorkerRolePipeline_DIAGNOSTICS","True","Named check or diagnostic; Captures or replaces error","1","ResDayShift_Calculated","Can convert a calculation error into data, null, fallback, warning, or empty output"
"JH-RY/Availability","UNITS/JH-RY/2. Calculations/Capacity-ShiftAvailability.xlsx","CLIENT/DATExx-Whiddon/UNITS/JH-RY/2. Calculations/Capacity-ShiftAvailability.xlsx_PowerQuery.m","AvailabilityCheckResult","True","Named check or diagnostic; Captures or replaces error","5","WorkerRolePipeline_DIAGNOSTICS | ReconciledWorkers_CHECK | AvailabilityRules_TEST | ResDayShift_CHECK | AllocationRoleShares_CHECK","Can convert a calculation error into data, null, fallback, warning, or empty output"
"JH-RY/Availability","UNITS/JH-RY/2. Calculations/Capacity-ShiftAvailability.xlsx","CLIENT/DATExx-Whiddon/UNITS/JH-RY/2. Calculations/Capacity-ShiftAvailability.xlsx_PowerQuery.m","ReconciledWorkers_CHECK","True","Named check or diagnostic","3","AvailabilityCheckResult | ResDayShift_CHECK | Availability-StaffList","Diagnostic result is not interpreted by the runner"
"JH-RY/Availability","UNITS/JH-RY/2. Calculations/Capacity-ShiftAvailability.xlsx","CLIENT/DATExx-Whiddon/UNITS/JH-RY/2. Calculations/Capacity-ShiftAvailability.xlsx_PowerQuery.m","AvailabilityRules_TEST","True","Named check or diagnostic","2","ReconciledWorkers_CHECK | ResDayShift_CHECK","Diagnostic result is not interpreted by the runner"
"JH-RY/Availability","UNITS/JH-RY/2. Calculations/Capacity-ShiftAvailability.xlsx","CLIENT/DATExx-Whiddon/UNITS/JH-RY/2. Calculations/Capacity-ShiftAvailability.xlsx_PowerQuery.m","ResDayShift_CHECK","True","Named check or diagnostic","2","AvailabilityRules_TEST | ResDayShift","Diagnostic result is not interpreted by the runner"
"JH-RY/Availability","UNITS/JH-RY/2. Calculations/Capacity-ShiftAvailability.xlsx","CLIENT/DATExx-Whiddon/UNITS/JH-RY/2. Calculations/Capacity-ShiftAvailability.xlsx_PowerQuery.m","ResDayShift","True","Raises M error; Empty/count short-circuit","3","WorkerRolePipeline_DIAGNOSTICS | ResDayShift_CHECK | RoleResDayAvailabilityCapped","Can block a calculation, but current runner only waits for idle/calculation state"
"JH-RY/Availability","UNITS/JH-RY/2. Calculations/Capacity-ShiftAvailability.xlsx","CLIENT/DATExx-Whiddon/UNITS/JH-RY/2. Calculations/Capacity-ShiftAvailability.xlsx_PowerQuery.m","AllocationRoleShares_CHECK","True","Named check or diagnostic","2","ResDayShift | RoleResDayAvailabilityCapped","Diagnostic result is not interpreted by the runner"
"JH-RY/Availability","UNITS/JH-RY/2. Calculations/Capacity-ShiftAvailability.xlsx","CLIENT/DATExx-Whiddon/UNITS/JH-RY/2. Calculations/Capacity-ShiftAvailability.xlsx_PowerQuery.m","RoleResDayAvailabilityCapped","True","Raises M error; Empty/count short-circuit","2","MultiRoles | RoleAvailabilityCapped","Can block a calculation, but current runner only waits for idle/calculation state"
"JH-RY/Availability","UNITS/JH-RY/2. Calculations/Capacity-ShiftAvailability.xlsx","CLIENT/DATExx-Whiddon/UNITS/JH-RY/2. Calculations/Capacity-ShiftAvailability.xlsx_PowerQuery.m","Availability-StaffList","True","Raises M error; Empty/count short-circuit","0","","Can block a calculation, but current runner only waits for idle/calculation state"
"JH-RY/Availability","UNITS/JH-RY/2. Calculations/Capacity-ShiftAvailability.xlsx","CLIENT/DATExx-Whiddon/UNITS/JH-RY/2. Calculations/Capacity-ShiftAvailability.xlsx_PowerQuery.m","UnitL1PathTABLE","True","Raises M error; Empty/count short-circuit","4","IMPORT CentriSyncPaths | Unit | FilePath - 2Calculations | FilePath - 1Input","Can block a calculation, but current runner only waits for idle/calculation state"
"JH-RY/Availability","UNITS/JH-RY/2. Calculations/Capacity-ShiftAvailability.xlsx","CLIENT/DATExx-Whiddon/UNITS/JH-RY/2. Calculations/Capacity-ShiftAvailability.xlsx_PowerQuery.m","Unit","True","Raises M error","17","IMPORT Reconciled Workers | ReconciledWorkers_Facility_Prepare | IMPORT Worker's Report | WorkerRoleMappings_DIAGNOSTICS | FacilityAnalysisTABLE | IMPORT Availability Leave Source | ReconciledWorkers_Prepare | AllocationRoleHours_Prepare | AllocationRoleShares | WorkerIdentityFailures_DIAGNOSTICS | WorkerShiftCalendar | ReconciledWorkers_CHECK | ResDayShift_CHECK | IMPORT CentriSyncPaths | UnitL1PathTABLE | FilePath - 2Calculations | FilePath - 1Input","Can block a calculation, but current runner only waits for idle/calculation state"
"JH-RY/Availability","UNITS/JH-RY/2. Calculations/Capacity-ShiftAvailability.xlsx","CLIENT/DATExx-Whiddon/UNITS/JH-RY/2. Calculations/Capacity-ShiftAvailability.xlsx_PowerQuery.m","FilePath - 2Calculations","True","Raises M error","1","IMPORT Availability Settings","Can block a calculation, but current runner only waits for idle/calculation state"
"JH-RY/Availability","UNITS/JH-RY/2. Calculations/Capacity-ShiftAvailability.xlsx","CLIENT/DATExx-Whiddon/UNITS/JH-RY/2. Calculations/Capacity-ShiftAvailability.xlsx_PowerQuery.m","FilePath - 1Input","True","Raises M error","4","IMPORT AllocationExtracted | IMPORT Reconciled Workers | IMPORT Worker's Report | IMPORT Availability Leave Source","Can block a calculation, but current runner only waits for idle/calculation state"
"Org/StaffAll","2. Calculations/E-O-I/StafMasterList-All.xlsx","CLIENT/DATExx-Whiddon/2. Calculations/E-O-I/StafMasterList-All.xlsx_PowerQuery.m","UnitL1PathTABLE","True","Raises M error; Captures or replaces error; Empty/count short-circuit","8","Folder | UnitsPath | INPUT FilePath | Client | Date | Facility | FilePath-Role | FileName","Can block a calculation, but current runner only waits for idle/calculation state"
"Org/StaffAll","2. Calculations/E-O-I/StafMasterList-All.xlsx","CLIENT/DATExx-Whiddon/2. Calculations/E-O-I/StafMasterList-All.xlsx_PowerQuery.m","ResolveFacilityPath","True","Raises M error","3","UnitsPath | Facility1 - StaffList | Facility2 - StaffList","Can block a calculation, but current runner only waits for idle/calculation state"
"Org/EffortAll","2. Calculations/E-O-I/Effort-All.xlsx","CLIENT/DATExx-Whiddon/2. Calculations/E-O-I/Effort-All.xlsx_PowerQuery.m","IMPORT CentriSyncPaths","True","Raises M error; Empty/count short-circuit","1","UnitL1PathTABLE","Can block a calculation, but current runner only waits for idle/calculation state"
"Org/EffortAll","2. Calculations/E-O-I/Effort-All.xlsx","CLIENT/DATExx-Whiddon/2. Calculations/E-O-I/Effort-All.xlsx_PowerQuery.m","UnitL1PathTABLE","True","Raises M error; Captures or replaces error; Empty/count short-circuit","3","IMPORT CentriSyncPaths | UnitsPath | Folder","Can block a calculation, but current runner only waits for idle/calculation state"
"Org/EffortAll","2. Calculations/E-O-I/Effort-All.xlsx","CLIENT/DATExx-Whiddon/2. Calculations/E-O-I/Effort-All.xlsx_PowerQuery.m","ResolveFacilityPath","True","Raises M error","5","UnitsPath | IMPORT Facility1 Effort | ResourceContractOverage_CHECK | IMPORT Facility2 Effort | IMPORT Facility3 Effort","Can block a calculation, but current runner only waits for idle/calculation state"
"Org/EffortAll","2. Calculations/E-O-I/Effort-All.xlsx","CLIENT/DATExx-Whiddon/2. Calculations/E-O-I/Effort-All.xlsx_PowerQuery.m","EXTRACT Facility1 ResourceContractOverage","True","Raises M error; Empty/count short-circuit","1","ResourceContractOverage_CHECK","Can block a calculation, but current runner only waits for idle/calculation state"
"Org/EffortAll","2. Calculations/E-O-I/Effort-All.xlsx","CLIENT/DATExx-Whiddon/2. Calculations/E-O-I/Effort-All.xlsx_PowerQuery.m","ResourceContractOverage_CHECK","True","Named check or diagnostic","2","EXTRACT Facility1 ResourceContractOverage | ResourceContractOverage","Diagnostic result is not interpreted by the runner"
"Org/EffortAll","2. Calculations/E-O-I/Effort-All.xlsx","CLIENT/DATExx-Whiddon/2. Calculations/E-O-I/Effort-All.xlsx_PowerQuery.m","Query1","True","Raises M error; Empty/count short-circuit","0","","Can block a calculation, but current runner only waits for idle/calculation state"
"Org/Outcomes","2. Calculations/E-O-I/EffortOutcomes.xlsx","CLIENT/DATExx-Whiddon/2. Calculations/E-O-I/EffortOutcomes.xlsx_PowerQuery.m","UnitL1PathTABLE","True","Raises M error; Captures or replaces error; Empty/count short-circuit","1","Folder !!","Can block a calculation, but current runner only waits for idle/calculation state"
"Org/Inefficiencies","2. Calculations/E-O-I/Inefficiencies.xlsx","CLIENT/DATExx-Whiddon/2. Calculations/E-O-I/Inefficiencies.xlsx_PowerQuery.m","UnitL1PathTABLE","True","Raises M error; Captures or replaces error; Empty/count short-circuit","1","Folder","Can block a calculation, but current runner only waits for idle/calculation state"
"Org/Cost","2. Calculations/Cost/Cost..xlsx","CLIENT/DATExx-Whiddon/2. Calculations/Cost/Cost..xlsx_PowerQuery.m","CostPathTABLE","True","Raises M error; Empty/count short-circuit","2","IMPORT CentriSyncPaths | ClientPath","Can block a calculation, but current runner only waits for idle/calculation state"
"Org/Cost","2. Calculations/Cost/Cost..xlsx","CLIENT/DATExx-Whiddon/2. Calculations/Cost/Cost..xlsx_PowerQuery.m","ClientPath","True","Raises M error","3","CostPathTABLE | IMPORT Settings Data | IMPORT Inefficiencies","Can block a calculation, but current runner only waits for idle/calculation state"
"Org/Cost","2. Calculations/Cost/Cost..xlsx","CLIENT/DATExx-Whiddon/2. Calculations/Cost/Cost..xlsx_PowerQuery.m","EXTRACT ShiftDuration","True","Raises M error; Empty/count short-circuit","1","ShiftDuration","Can block a calculation, but current runner only waits for idle/calculation state"
"Org/Cost","2. Calculations/Cost/Cost..xlsx","CLIENT/DATExx-Whiddon/2. Calculations/Cost/Cost..xlsx_PowerQuery.m","ShiftDuration","True","Raises M error; Empty/count short-circuit","5","IMPORT Inefficiencies | EXTRACT ShiftDuration | EXTRACT PermutationDimensions | ShiftHrs | CostAG1_1DayShiftAB","Can block a calculation, but current runner only waits for idle/calculation state"
"Org/History","2. Calculations/EOW/EffortOutcomeLogXY.xlsx","CLIENT/DATExx-Whiddon/2. Calculations/EOW/EffortOutcomeLogXY.xlsx_PowerQuery.m","Null Matrix Check","True","Named check or diagnostic","0","","Not demanded by another source query; runner cannot assume it executed or inspect its result"
"Org/HistoryRead","2. Calculations/EOW/2DRead.xlsx","CLIENT/DATExx-Whiddon/2. Calculations/EOW/2DRead.xlsx_PowerQuery.m","Effort+OutcomesXYImport Check","True","Named check or diagnostic","0","","Not demanded by another source query; runner cannot assume it executed or inspect its result"
"Org/Reporting","2. Calculations/Tableau Connection.xlsx","CLIENT/DATExx-Whiddon/2. Calculations/Tableau Connection.xlsx_PowerQuery.m","DateLevelPathRecord","True","Raises M error; Captures or replaces error; Empty/count short-circuit","4","DateRootPath | UnitsRootPath | OrgCalculationsPath | CurrentWorkbookFileName","Can block a calculation, but current runner only waits for idle/calculation state"
